930.67,3.4752,-15.925,-6.7947,-1.2814,-0.33216,-1.5068,-0.064943,2.2736,1.4895,-2.7798,-1.2338,-2.0081,3.6122,-1.1959,-0.057221,-0.072002,0.056505,-0.066996,0.0016689,0.011683,-0.095606,-144.24,-84.162,-81.539,-66.042,215.29,432.01,3663.3,-4.6692,15.064,7.3769,0.69013,0.31639,1.4808,0.065554,-0.26792,-1.6145,-0.36894,-2.5105,-2.7129,1.6298,0.37093,-0.26792,-1.6145,-0.36894,-2.5105,-2.7129,1.6298,0.37093,-6.6613e-16,-21.009,-6.2431,-4.4298,-0.72662,-1.6351,-0.095223,-0.11235,-1.0607,-0.54709,-0.65482,-0.23658,-0.041489,-0.025783,0.45903,-1.5473,0.96272,-7.4506e-08,-2.3097e-07,-8.9407e-08
930.68,-1.2449,-18.797,-4.3077,-3.3652,-0.3462,-1.5955,-0.058064,2.273,1.4889,-2.7793,-1.2344,-2.008,3.6124,-1.1968,-0.048161,-0.061512,0.063419,-0.03624,0.026941,0.0097752,-0.094414,9.0599,10.49,6.9141,30.756,25.272,-1.9074,1.1921,0.43406,18.316,4.7397,3.0123,0.34496,1.5809,0.059374,2.2736,1.4895,-2.7798,-1.2338,-2.0081,3.6122,-1.1959,2.2736,1.4895,-2.7798,-1.2338,-2.0081,3.6122,-1.1959,2.7756e-16,-20.994,-6.2508,-4.4168,-0.72547,-1.6352,-0.095224,0.022823,-1.0091,-0.63745,-0.49145,-0.19478,-0.11606,-0.024118,0.1265,-1.1183,1.3762,0,-6.7055e-08,5.9605e-08
930.69,-4.532,-20.616,-2.5057,-4.7197,-0.33451,-1.6527,-0.051222,2.2725,1.4882,-2.7784,-1.2346,-2.0074,3.6124,-1.1979,-0.057697,-0.074625,0.10085,-0.016451,0.080586,0.0081062,-0.11802,-9.5367,-13.113,37.432,19.789,53.644,-1.6689,-23.603,3.9794,20.256,2.7915,4.4691,0.33297,1.6419,0.052065,2.273,1.4889,-2.7793,-1.2344,-2.008,3.6124,-1.1968,2.273,1.4889,-2.7793,-1.2344,-2.008,3.6124,-1.1968,1.1657e-15,-20.983,-6.2614,-4.4061,-0.72472,-1.6351,-0.09527,0.091701,-0.97485,-0.67928,-0.38964,-0.16656,-0.16342,-0.022771,-0.054801,-0.82294,1.6346,1.8627e-07,-2.5332e-07,-2.9802e-08
930.7,-6.9596,-22.386,-1.3493,-5.9316,-0.36842,-1.7057,-0.050015,2.2718,1.4874,-2.7771,-1.2346,-2.0063,3.6125,-1.1992,-0.078917,-0.09799,0.16284,0.0078678,0.15235,0.0054836,-0.15616,-21.219,-23.365,61.989,24.319,71.764,-2.6226,-38.147,6.5777,22.068,1.521,5.7199,0.36064,1.6977,0.050044,2.2725,1.4882,-2.7784,-1.2346,-2.0074,3.6124,-1.1979,2.2725,1.4882,-2.7784,-1.2346,-2.0074,3.6124,-1.1979,-3.3307e-16,-20.973,-6.2783,-4.3957,-0.72431,-1.6346,-0.095378,0.16934,-0.9489,-0.73417,-0.30341,-0.14541,-0.20219,-0.022061,-0.24016,-0.60972,1.853,1.5646e-07,-1.4156e-07,2.9802e-08
930.71,-8.5679,-23.587,-0.61468,-6.784,-0.40073,-1.7314,-0.049765,2.2709,1.4862,-2.7751,-1.2344,-2.0043,3.6125,-1.2011,-0.1111,-0.13709,0.24104,0.03624,0.23508,-0.00023842,-0.20146,-32.187,-39.101,78.201,28.372,82.731,-5.7221,-45.3,8.2521,23.213,0.70403,6.54,0.37935,1.725,0.048487,2.2718,1.4874,-2.7771,-1.2346,-2.0063,3.6125,-1.1992,2.2718,1.4874,-2.7771,-1.2346,-2.0063,3.6125,-1.1992,1.2213e-15,-20.962,-6.304,-4.3834,-0.72406,-1.6338,-0.09555,0.19065,-0.93668,-0.74749,-0.27683,-0.13849,-0.21211,-0.02177,-0.29241,-0.54666,1.9058,1.0803e-07,-1.7136e-07,5.9605e-08
930.72,-9.5387,-24.223,-0.1702,-7.2466,-0.41272,-1.7467,-0.048913,2.2696,1.4845,-2.7722,-1.234,-2.0014,3.6125,-1.2034,-0.14877,-0.18382,0.32854,0.052214,0.33402,-0.0021458,-0.26131,-37.67,-46.73,87.5,15.974,98.944,-1.9074,-59.843,9.2991,23.909,0.21738,7.0492,0.39261,1.7398,0.047557,2.2709,1.4862,-2.7751,-1.2344,-2.0043,3.6125,-1.2011,2.2709,1.4862,-2.7751,-1.2344,-2.0043,3.6125,-1.2011,1.3323e-15,-20.949,-6.3401,-4.3681,-0.7239,-1.6325,-0.09579,0.23777,-0.91669,-0.7794,-0.22494,-0.12563,-0.23274,-0.021324,-0.40298,-0.42705,2.0199,2.7567e-07,-2.6822e-07,2.9802e-08
930.73,-9.914,-24.034,0.11222,-7.2315,-0.38274,-1.7369,-0.045203,2.2679,1.4824,-2.7684,-1.2335,-1.9974,3.6125,-1.2064,-0.19097,-0.24343,0.42296,0.061035,0.4406,-0.0021458,-0.32783,-42.2,-59.605,94.414,8.8215,106.57,0,-66.519,9.964,24.035,-0.16608,7.2209,0.37644,1.7422,0.044682,2.2696,1.4845,-2.7722,-1.234,-2.0014,3.6125,-1.2034,2.2696,1.4845,-2.7722,-1.234,-2.0014,3.6125,-1.2034,-2.7756e-15,-20.931,-6.3875,-4.3482,-0.72362,-1.6308,-0.096096,0.24714,-0.90648,-0.7842,-0.20237,-0.11834,-0.24182,-0.020931,-0.43201,-0.35732,2.0673,3.5018e-07,-2.3842e-07,8.9407e-08
930.74,-10.402,-24.73,0.11485,-7.6616,-0.43606,-1.7516,-0.04902,2.2657,1.4797,-2.7636,-1.2327,-1.9925,3.6125,-1.21,-0.23198,-0.2923,0.52118,0.080347,0.54669,-0.0057221,-0.39077,-41.008,-48.876,98.228,19.312,106.1,-3.5763,-62.943,10.407,24.86,-0.08952,7.7298,0.44722,1.7538,0.050028,2.2679,1.4824,-2.7684,-1.2335,-1.9974,3.6125,-1.2064,2.2679,1.4824,-2.7684,-1.2335,-1.9974,3.6125,-1.2064,-1.7764e-15,-20.911,-6.4468,-4.324,-0.72325,-1.6287,-0.096468,0.30298,-0.89517,-0.82985,-0.17136,-0.11429,-0.24962,-0.021243,-0.54279,-0.34702,2.1186,1.8254e-07,2.2352e-08,8.9407e-08
930.75,-10.534,-25.141,-0.058613,-7.9123,-0.48411,-1.7531,-0.052861,2.2632,1.4765,-2.7579,-1.2319,-1.9864,3.6124,-1.2143,-0.27704,-0.34547,0.6218,0.10037,0.65422,-0.01049,-0.4518,-45.061,-53.167,100.61,20.027,107.53,-4.7684,-61.035,10.529,25.105,0.025654,7.8837,0.47715,1.7551,0.052341,2.2657,1.4797,-2.7636,-1.2327,-1.9925,3.6125,-1.21,2.2657,1.4797,-2.7636,-1.2327,-1.9925,3.6125,-1.21,-1.8874e-15,-20.886,-6.5181,-4.294,-0.72252,-1.6261,-0.096894,0.30046,-0.89414,-0.83074,-0.18399,-0.1184,-0.23877,-0.021542,-0.53023,-0.41285,2.0583,1.2666e-07,-2.3097e-07,5.9605e-08
930.76,-10.414,-24.866,-0.19023,-7.7843,-0.48242,-1.7406,-0.052773,2.2601,1.4727,-2.7511,-1.2308,-1.9792,3.6123,-1.2192,-0.31996,-0.40555,0.72217,0.10753,0.76604,-0.01049,-0.51975,-42.915,-60.081,100.37,7.1526,111.82,0,-67.949,10.429,24.99,0.19441,7.8543,0.49155,1.7411,0.053502,2.2632,1.4765,-2.7579,-1.2319,-1.9864,3.6124,-1.2143,2.2632,1.4765,-2.7579,-1.2319,-1.9864,3.6124,-1.2143,2.8866e-15,-20.857,-6.6013,-4.2588,-0.72144,-1.623,-0.097373,0.3056,-0.88812,-0.8357,-0.18305,-0.11836,-0.23383,-0.021623,-0.53852,-0.43768,2.0303,5.2154e-08,-7.4506e-08,1.1921e-07
930.77,-10.153,-24.678,-0.46922,-7.6942,-0.49944,-1.7224,-0.054484,2.2567,1.4683,-2.7433,-1.2296,-1.971,3.6122,-1.2247,-0.3655,-0.46515,0.82231,0.12136,0.87476,-0.014067,-0.57983,-45.538,-59.605,100.14,13.828,108.72,-3.5763,-60.081,10.176,24.729,0.43702,7.7168,0.49841,1.7255,0.05438,2.2601,1.4727,-2.7511,-1.2308,-1.9792,3.6123,-1.2192,2.2601,1.4727,-2.7511,-1.2308,-1.9792,3.6123,-1.2192,2.6645e-15,-20.823,-6.6961,-4.2176,-0.71982,-1.6193,-0.097892,0.3153,-0.88182,-0.84483,-0.17422,-0.11584,-0.23331,-0.021611,-0.55903,-0.43628,2.0287,3.6135e-07,-1.9372e-07,8.9407e-08
930.78,-9.7547,-24.361,-0.81527,-7.5432,-0.51579,-1.6939,-0.056259,2.2528,1.4633,-2.7345,-1.2283,-1.9616,3.612,-1.2308,-0.41223,-0.52762,0.9222,0.14019,0.97895,-0.018835,-0.63372,-46.73,-62.466,99.897,18.835,104.19,-4.7684,-53.883,9.9358,24.61,0.74874,7.6534,0.52224,1.7123,0.05685,2.2567,1.4683,-2.7433,-1.2296,-1.971,3.6122,-1.2247,2.2567,1.4683,-2.7433,-1.2296,-1.971,3.6122,-1.2247,1.2213e-15,-20.785,-6.8019,-4.1704,-0.71749,-1.6151,-0.098437,0.31624,-0.87801,-0.84829,-0.18192,-0.11834,-0.22299,-0.02184,-0.55671,-0.49609,1.9721,3.6508e-07,-2.0862e-07,1.1921e-07
930.79,-9.3882,-24.178,-1.1993,-7.4117,-0.53436,-1.679,-0.058572,2.2484,1.4578,-2.7248,-1.2268,-1.9513,3.6118,-1.2374,-0.45609,-0.5815,1.0176,0.14806,1.0855,-0.020742,-0.68927,-43.869,-53.883,95.368,7.8678,106.57,-1.9074,-55.551,9.5605,24.475,1.1659,7.574,0.5525,1.6917,0.060072,2.2528,1.4633,-2.7345,-1.2283,-1.9616,3.612,-1.2308,2.2528,1.4633,-2.7345,-1.2283,-1.9616,3.612,-1.2308,3.3307e-16,-20.743,-6.9182,-4.117,-0.71435,-1.6104,-0.098998,0.33312,-0.86947,-0.86253,-0.17464,-0.11711,-0.21818,-0.021962,-0.58899,-0.52551,1.9484,4.5821e-07,-1.5646e-07,8.9407e-08
930.8,-9.0446,-24.068,-1.6293,-7.3518,-0.56879,-1.6581,-0.062243,2.2436,1.4516,-2.7141,-1.2252,-1.9399,3.6115,-1.2445,-0.49758,-0.63777,1.1153,0.1657,1.1833,-0.026703,-0.73361,-41.485,-56.267,97.752,17.643,97.752,-5.9605,-44.346,9.132,24.248,1.5923,7.4326,0.57451,1.6681,0.062695,2.2484,1.4578,-2.7248,-1.2268,-1.9513,3.6118,-1.2374,2.2484,1.4578,-2.7248,-1.2268,-1.9513,3.6118,-1.2374,0,-20.697,-7.0443,-4.0575,-0.71022,-1.605,-0.099559,0.31732,-0.86718,-0.85317,-0.19536,-0.12227,-0.20101,-0.022192,-0.5551,-0.61721,1.8509,4.6939e-07,-2.8312e-07,1.7881e-07
930.81,-8.6402,-23.821,-2.0419,-7.1911,-0.58555,-1.6366,-0.064522,2.2384,1.4449,-2.7024,-1.2235,-1.9275,3.6112,-1.2521,-0.53978,-0.6907,1.2059,0.17571,1.2834,-0.02861,-0.77891,-42.2,-52.929,90.599,10.014,100.14,-1.9074,-45.3,8.6751,23.941,2.0237,7.2513,0.59153,1.6417,0.065019,2.2436,1.4516,-2.7141,-1.2252,-1.9399,3.6115,-1.2445,2.2436,1.4516,-2.7141,-1.2252,-1.9399,3.6115,-1.2445,9.992e-16,-20.648,-7.1793,-3.9917,-0.70495,-1.599,-0.10011,0.31758,-0.85919,-0.8538,-0.19875,-0.12278,-0.19056,-0.022244,-0.55704,-0.66838,1.7924,4.5076e-07,-1.1921e-07,1.4901e-07
930.82,-8.0132,-23.473,-2.5809,-6.9596,-0.60286,-1.603,-0.067224,2.2328,1.4377,-2.6898,-1.2216,-1.9142,3.6109,-1.2601,-0.58413,-0.74744,1.3001,0.19264,1.3754,-0.034571,-0.81229,-44.346,-56.744,94.175,16.928,92.03,-5.9605,-33.379,8.0972,23.333,2.4118,6.9097,0.58266,1.602,0.065094,2.2384,1.4449,-2.7024,-1.2235,-1.9275,3.6112,-1.2521,2.2384,1.4449,-2.7024,-1.2235,-1.9275,3.6112,-1.2521,1.2213e-15,-20.595,-7.3226,-3.9194,-0.69832,-1.5923,-0.10062,0.2751,-0.85508,-0.82171,-0.22989,-0.12868,-0.16922,-0.022217,-0.47826,-0.76147,1.6622,1.9372e-07,-6.7055e-08,1.7881e-07
930.83,-7.7042,-23.551,-3.0923,-6.9967,-0.65287,-1.5785,-0.072376,2.2267,1.43,-2.6763,-1.2195,-1.9,3.6105,-1.2683,-0.62513,-0.79799,1.389,0.21768,1.461,-0.0422,-0.83756,-41.008,-50.545,88.93,25.034,85.592,-7.6294,-25.272,7.7549,23.341,2.9159,6.908,0.62777,1.5771,0.069871,2.2328,1.4377,-2.6898,-1.2216,-1.9142,3.6109,-1.2601,2.2328,1.4377,-2.6898,-1.2216,-1.9142,3.6109,-1.2601,-6.6613e-16,-20.539,-7.4731,-3.8407,-0.69021,-1.5849,-0.10109,0.27578,-0.84787,-0.82354,-0.2401,-0.13198,-0.15335,-0.02244,-0.48397,-0.85418,1.5752,1.5274e-07,-2.9057e-07,1.7881e-07
930.84,-7.2724,-23.383,-3.5893,-6.8525,-0.67381,-1.5546,-0.075477,2.2202,1.4217,-2.662,-1.2173,-1.8848,3.6101,-1.2769,-0.664,-0.8471,1.4758,0.23055,1.548,-0.045776,-0.86379,-38.862,-49.114,86.784,12.875,87.023,-3.5763,-26.226,7.3867,23.08,3.3209,6.7101,0.63346,1.5589,0.071572,2.2267,1.43,-2.6763,-1.2195,-1.9,3.6105,-1.2683,2.2267,1.43,-2.6763,-1.2195,-1.9,3.6105,-1.2683,1.9984e-15,-20.48,-7.6299,-3.7553,-0.68038,-1.5767,-0.10149,0.24919,-0.85086,-0.81055,-0.26268,-0.13682,-0.13801,-0.022619,-0.44227,-0.93886,1.4895,2.0862e-07,-3.2783e-07,1.7881e-07
930.85,-6.7528,-22.924,-4.0136,-6.5395,-0.66398,-1.5247,-0.076028,2.2134,1.4129,-2.6467,-1.215,-1.8688,3.6097,-1.2857,-0.70214,-0.89717,1.5581,0.23651,1.6358,-0.044823,-0.88954,-38.147,-50.068,82.254,5.9605,87.738,0.95367,-25.749,6.6944,22.852,3.9599,6.4531,0.64544,1.5345,0.074639,2.2202,1.4217,-2.662,-1.2173,-1.8848,3.6101,-1.2769,2.2202,1.4217,-2.662,-1.2173,-1.8848,3.6101,-1.2769,-2.2205e-15,-20.42,-7.7921,-3.6632,-0.6687,-1.5678,-0.1018,0.2446,-0.84971,-0.81256,-0.26912,-0.13798,-0.12771,-0.022745,-0.44486,-1.0006,1.4374,2.0489e-07,-2.2352e-07,1.4901e-07
930.86,-6.21,-22.539,-4.4905,-6.2575,-0.66068,-1.4922,-0.077338,2.2061,1.4037,-2.6307,-1.2126,-1.852,3.6092,-1.2947,-0.73957,-0.94724,1.6415,0.24724,1.7171,-0.04673,-0.90456,-37.432,-50.068,83.447,10.729,81.301,-1.9074,-15.02,6.1036,22.214,4.3428,6.096,0.62863,1.4832,0.074187,2.2134,1.4129,-2.6467,-1.215,-1.8688,3.6097,-1.2857,2.2134,1.4129,-2.6467,-1.215,-1.8688,3.6097,-1.2857,-2.2204e-16,-20.356,-7.9587,-3.5641,-0.65489,-1.5581,-0.10201,0.21989,-0.83526,-0.78902,-0.27597,-0.13687,-0.11524,-0.022347,-0.4127,-1.0346,1.3559,2.6077e-07,-1.4901e-07,1.4901e-07
930.87,-5.6608,-22.131,-4.9341,-5.9462,-0.6462,-1.4586,-0.077641,2.1985,1.394,-2.6139,-1.2101,-1.8344,3.6088,-1.3038,-0.77891,-0.99397,1.7173,0.25606,1.7979,-0.045061,-0.91791,-39.339,-46.73,75.817,8.8215,80.824,1.6689,-13.351,5.8471,22.502,4.9358,6.1515,0.67491,1.4742,0.079978,2.2061,1.4037,-2.6307,-1.2126,-1.852,3.6092,-1.2947,2.2061,1.4037,-2.6307,-1.2126,-1.852,3.6092,-1.2947,1.9984e-15,-20.292,-8.1287,-3.4581,-0.63887,-1.5476,-0.10209,0.24006,-0.83283,-0.80872,-0.26976,-0.13572,-0.10698,-0.022534,-0.46513,-1.0989,1.3261,3.1292e-07,-7.4506e-08,1.1921e-07
930.88,-5.1697,-22.091,-5.5235,-5.7818,-0.65786,-1.4377,-0.080832,2.1905,1.3838,-2.5962,-1.2075,-1.816,3.6083,-1.313,-0.81587,-1.0352,1.7962,0.26703,1.8733,-0.045776,-0.92149,-36.955,-41.246,78.916,10.967,75.34,-0.71526,-3.5763,5.3108,22.262,5.4608,5.8841,0.66806,1.4496,0.081485,2.1985,1.394,-2.6139,-1.2101,-1.8344,3.6088,-1.3038,2.1985,1.394,-2.6139,-1.2101,-1.8344,3.6088,-1.3038,-6.6613e-16,-20.226,-8.3012,-3.3447,-0.62036,-1.5362,-0.10202,0.19643,-0.83695,-0.78488,-0.30086,-0.14242,-0.088701,-0.022682,-0.40531,-1.201,1.2191,2.9802e-07,-5.9605e-08,1.1921e-07
930.89,-4.7001,-21.9,-6.0249,-5.564,-0.6551,-1.4081,-0.082562,2.1822,1.3732,-2.5779,-1.2047,-1.7969,3.6078,-1.3222,-0.85187,-1.0793,1.8723,0.28062,1.9453,-0.046015,-0.91839,-36.001,-44.107,76.055,13.59,72.002,-0.23842,3.0994,4.8831,21.984,5.8974,5.6597,0.66281,1.4149,0.082651,2.1905,1.3838,-2.5962,-1.2075,-1.816,3.6083,-1.313,2.1905,1.3838,-2.5962,-1.2075,-1.816,3.6083,-1.313,6.6613e-16,-20.16,-8.4749,-3.2243,-0.59926,-1.5239,-0.10178,0.17046,-0.83076,-0.76697,-0.31286,-0.1435,-0.075745,-0.022516,-0.37937,-1.2593,1.1414,2.9057e-07,-1.3411e-07,8.9407e-08
930.9,-4.1984,-21.518,-6.4374,-5.2208,-0.62448,-1.3782,-0.081974,2.1735,1.3621,-2.5587,-1.2019,-1.7771,3.6074,-1.3314,-0.88549,-1.1222,1.9441,0.28539,2.0182,-0.041962,-0.91434,-33.617,-42.915,71.764,4.7684,72.956,4.0531,4.0531,4.2178,21.344,6.2815,5.1742,0.61126,1.3744,0.080203,2.1822,1.3732,-2.5779,-1.2047,-1.7969,3.6078,-1.3222,2.1822,1.3732,-2.5779,-1.2047,-1.7969,3.6078,-1.3222,0,-20.092,-8.6489,-3.096,-0.57531,-1.5106,-0.10135,0.11854,-0.82798,-0.73368,-0.33491,-0.14602,-0.063802,-0.022281,-0.30852,-1.3034,1.0589,2.9057e-07,-1.1921e-07,8.9407e-08
930.91,-3.742,-21.447,-6.9691,-4.9984,-0.61374,-1.3559,-0.083556,2.1644,1.3507,-2.5389,-1.199,-1.7565,3.607,-1.3404,-0.91958,-1.1599,2.0154,0.29349,2.0888,-0.039816,-0.90241,-34.094,-37.67,71.287,8.1062,70.572,2.1458,11.921,3.9049,21.762,6.9751,5.1974,0.64444,1.3658,0.085873,2.1735,1.3621,-2.5587,-1.2019,-1.7771,3.6074,-1.3314,2.1735,1.3621,-2.5587,-1.2019,-1.7771,3.6074,-1.3314,-1.3323e-15,-20.025,-8.8221,-2.9602,-0.54839,-1.4964,-0.1007,0.084008,-0.83857,-0.72435,-0.36862,-0.15557,-0.044118,-0.022813,-0.28047,-1.4483,0.95314,1.1921e-07,-1.0431e-07,1.7881e-07
930.92,-3.1432,-21.134,-7.4483,-4.6111,-0.57178,-1.3279,-0.082661,2.155,1.3389,-2.5183,-1.196,-1.7352,3.6066,-1.3494,-0.95344,-1.2,2.0854,0.29731,2.157,-0.033379,-0.88716,-33.855,-40.054,70.095,3.8147,68.188,6.4373,15.259,3.3117,20.982,7.2215,4.6485,0.57107,1.3241,0.081458,2.1644,1.3507,-2.5389,-1.199,-1.7565,3.607,-1.3404,2.1644,1.3507,-2.5389,-1.199,-1.7565,3.607,-1.3404,-2.8866e-15,-19.958,-8.9936,-2.8165,-0.51835,-1.4811,-0.099818,0.047143,-0.83018,-0.69915,-0.37023,-0.15151,-0.041542,-0.022272,-0.23616,-1.4277,0.92343,2.4587e-07,1.0431e-07,2.3842e-07
930.93,-2.7723,-21.259,-8.0071,-4.4737,-0.56669,-1.3047,-0.084899,2.1453,1.3267,-2.4971,-1.1929,-1.7133,3.6063,-1.3581,-0.98872,-1.235,2.1527,0.31471,2.2185,-0.032186,-0.86021,-35.286,-35.047,67.234,17.404,61.512,1.1921,26.941,2.7185,21.079,7.8807,4.3785,0.54706,1.3098,0.082872,2.155,1.3389,-2.5183,-1.196,-1.7352,3.6066,-1.3494,2.155,1.3389,-2.5183,-1.196,-1.7352,3.6066,-1.3494,2.2205e-15,-19.892,-9.162,-2.6651,-0.48507,-1.4648,-0.098669,-0.059181,-0.85101,-0.65375,-0.4467,-0.17231,-0.016298,-0.023171,-0.094781,-1.613,0.75551,1.8627e-07,-2.3842e-07,5.9605e-08
930.94,-2.2102,-20.922,-8.4084,-4.039,-0.50425,-1.2772,-0.082268,2.1352,1.3141,-2.4753,-1.1898,-1.6908,3.606,-1.3666,-1.0207,-1.2715,2.2156,0.31424,2.2852,-0.022411,-0.83709,-31.948,-36.478,62.943,-0.47684,66.757,9.7752,23.127,2.3276,21.082,8.3811,4.1681,0.52597,1.2837,0.08374,2.1453,1.3267,-2.4971,-1.1929,-1.7133,3.6063,-1.3581,2.1453,1.3267,-2.4971,-1.1929,-1.7133,3.6063,-1.3581,2.2205e-15,-19.828,-9.3266,-2.5055,-0.44839,-1.4474,-0.097235,-0.075442,-0.84787,-0.64899,-0.44537,-0.16949,-0.012495,-0.022984,-0.096087,-1.6316,0.73318,2.7567e-07,-5.9605e-08,1.3411e-07
930.95,-1.6891,-20.789,-8.8792,-3.6693,-0.44929,-1.2544,-0.080665,2.1249,1.3012,-2.4527,-1.1866,-1.6676,3.6058,-1.3748,-1.0519,-1.3049,2.279,0.31614,2.3472,-0.014782,-0.8049,-31.233,-33.379,63.419,1.9074,61.989,7.6294,32.187,1.8902,21.015,8.8515,3.8669,0.48342,1.2619,0.083067,2.1352,1.3141,-2.4753,-1.1898,-1.6908,3.606,-1.3666,2.1352,1.3141,-2.4753,-1.1898,-1.6908,3.606,-1.3666,-2.6645e-15,-19.765,-9.4861,-2.3376,-0.40819,-1.4289,-0.095488,-0.14802,-0.85719,-0.62094,-0.48638,-0.1793,-0.00042087,-0.023413,-0.011253,-1.7235,0.64291,2.5332e-07,-1.0431e-07,8.9407e-08
930.96,-1.27,-20.777,-9.3525,-3.3844,-0.40582,-1.2305,-0.079988,2.1142,1.2879,-2.4296,-1.1833,-1.6438,3.6057,-1.3826,-1.0834,-1.3392,2.3422,0.32687,2.4073,-0.0083447,-0.76413,-31.471,-34.332,63.181,10.729,60.081,6.4373,40.77,1.4015,20.819,9.2574,3.4825,0.42193,1.2352,0.080658,2.1249,1.3012,-2.4527,-1.1866,-1.6676,3.6058,-1.3748,2.1249,1.3012,-2.4527,-1.1866,-1.6676,3.6058,-1.3748,8.8818e-16,-19.704,-9.6396,-2.1615,-0.36443,-1.4094,-0.093406,-0.22675,-0.861,-0.58768,-0.52572,-0.18821,0.0091142,-0.02374,0.084419,-1.792,0.55564,5.2154e-08,-1.0431e-07,1.6391e-07
930.97,-0.7414,-20.586,-9.7501,-2.9447,-0.32884,-1.2063,-0.07648,2.1032,1.2744,-2.4059,-1.1801,-1.6194,3.6057,-1.39,-1.1129,-1.3719,2.4013,0.32639,2.4688,0.0030994,-0.72312,-29.564,-32.663,59.128,-0.47684,61.512,11.444,41.008,0.82385,20.595,9.6656,3.0214,0.34282,1.2086,0.076987,2.1142,1.2879,-2.4296,-1.1833,-1.6438,3.6057,-1.3826,2.1142,1.2879,-2.4296,-1.1833,-1.6438,3.6057,-1.3826,2.2205e-15,-19.645,-9.7861,-1.9771,-0.31704,-1.3886,-0.090966,-0.29486,-0.86558,-0.56408,-0.55362,-0.19326,0.012212,-0.023985,0.16574,-1.823,0.50763,2.1607e-07,0,1.4901e-08
930.98,-0.30476,-20.607,-10.197,-2.6026,-0.26422,-1.1832,-0.074131,2.0919,1.2605,-2.3815,-1.1768,-1.5944,3.6058,-1.397,-1.1439,-1.4019,2.459,0.33355,2.5265,0.011683,-0.67258,-30.994,-30.041,57.697,7.1526,57.697,8.5831,50.545,0.3094,20.562,10.126,2.615,0.26853,1.1884,0.074066,2.1032,1.2744,-2.4059,-1.1801,-1.6194,3.6057,-1.39,2.1032,1.2744,-2.4059,-1.1801,-1.6194,3.6057,-1.39,1.7764e-15,-19.589,-9.9245,-1.7842,-0.26592,-1.3667,-0.088141,-0.37746,-0.87319,-0.53831,-0.59499,-0.20303,0.017888,-0.024572,0.26372,-1.8873,0.43678,1.1176e-07,-1.4901e-08,1.0431e-07
930.99,0.16187,-20.608,-10.623,-2.1973,-0.18311,-1.1629,-0.07053,2.0803,1.2463,-2.3566,-1.1735,-1.5688,3.6059,-1.4034,-1.1725,-1.4305,2.5156,0.3345,2.5842,0.022888,-0.61894,-28.61,-28.61,56.505,0.95367,57.697,11.206,53.644,-0.10953,20.53,10.512,2.2235,0.18928,1.1689,0.070415,2.0919,1.2605,-2.3815,-1.1768,-1.5944,3.6058,-1.397,2.0919,1.2605,-2.3815,-1.1768,-1.5944,3.6058,-1.397,1.7764e-15,-19.537,-10.054,-1.583,-0.21116,-1.3436,-0.084913,-0.4843,-0.88284,-0.50603,-0.6525,-0.21787,0.024026,-0.025515,0.39676,-1.9696,0.34563,2.3097e-07,-5.9605e-08,0
931,0.62758,-20.583,-11.003,-1.7646,-0.092175,-1.1392,-0.065829,2.0684,1.2318,-2.3312,-1.1701,-1.5426,3.6062,-1.4093,-1.2011,-1.4589,2.5694,0.33617,2.641,0.034094,-0.55909,-28.61,-28.372,53.883,1.6689,56.744,11.206,59.843,-0.54191,20.578,10.928,1.848,0.11043,1.1434,0.066778,2.0803,1.2463,-2.3566,-1.1735,-1.5688,3.6059,-1.4034,2.0803,1.2463,-2.3566,-1.1735,-1.5688,3.6059,-1.4034,-4.4409e-16,-19.488,-10.173,-1.3733,-0.15272,-1.3194,-0.081256,-0.5785,-0.88462,-0.47802,-0.69963,-0.22967,0.027881,-0.026318,0.50992,-2.031,0.26465,1.8627e-07,-5.9605e-08,-1.3411e-07
931.01,0.96084,-20.826,-11.461,-1.4323,-0.012744,-1.1241,-0.062536,2.0562,1.2171,-2.3052,-1.1668,-1.5159,3.6067,-1.4145,-1.2281,-1.4832,2.6236,0.33998,2.6948,0.043631,-0.49186,-26.941,-24.319,54.121,3.8147,53.883,9.5367,67.234,-1.0767,20.387,11.213,1.3213,-0.00044772,1.1144,0.059947,2.0684,1.2318,-2.3312,-1.1701,-1.5426,3.6062,-1.4093,2.0684,1.2318,-2.3312,-1.1701,-1.5426,3.6062,-1.4093,-4.4409e-16,-19.443,-10.282,-1.1553,-0.090664,-1.294,-0.077151,-0.67923,-0.88327,-0.44896,-0.745,-0.24012,0.026306,-0.027106,0.64122,-2.0559,0.20022,2.5332e-07,-2.9802e-08,-2.3842e-07
931.02,1.5373,-20.633,-11.72,-0.83812,0.11643,-1.0973,-0.054081,2.0438,1.2021,-2.2787,-1.1634,-1.4886,3.6072,-1.4191,-1.2546,-1.5113,2.6727,0.33355,2.7511,0.061274,-0.42558,-26.465,-28.133,49.114,-6.4373,56.267,17.643,66.28,-1.336,20.822,11.731,1.0451,-0.074705,1.1049,0.057373,2.0562,1.2171,-2.3052,-1.1668,-1.5159,3.6067,-1.4145,2.0562,1.2171,-2.3052,-1.1668,-1.5159,3.6067,-1.4145,-1.3323e-15,-19.402,-10.379,-0.92917,-0.025129,-1.2675,-0.072583,-0.74252,-0.89323,-0.4493,-0.77273,-0.24544,0.022972,-0.027925,0.70505,-2.0926,0.18113,6.7055e-08,2.9802e-08,8.9407e-08
931.03,1.9362,-20.727,-12.054,-0.39738,0.22233,-1.0716,-0.047693,2.0311,1.1868,-2.2517,-1.1601,-1.4608,3.6079,-1.4229,-1.2813,-1.538,2.7239,0.3376,2.8033,0.070572,-0.3469,-26.703,-26.703,51.26,4.0531,52.214,9.2983,78.678,-1.8099,20.713,11.973,0.49702,-0.20011,1.0819,0.049099,2.0438,1.2021,-2.2787,-1.1634,-1.4886,3.6072,-1.4191,2.0438,1.2021,-2.2787,-1.1634,-1.4886,3.6072,-1.4191,4.4409e-16,-19.365,-10.464,-0.69488,0.043805,-1.2399,-0.06753,-0.85849,-0.89461,-0.42542,-0.82731,-0.25816,0.01684,-0.02913,0.86187,-2.1129,0.12337,1.1176e-07,2.9802e-08,1.4901e-08
931.04,2.2633,-20.973,-12.415,0.028615,0.33335,-1.056,-0.04105,2.0182,1.1713,-2.2241,-1.1567,-1.4325,3.6086,-1.4259,-1.3053,-1.559,2.7711,0.33546,2.8565,0.083923,-0.26512,-24.08,-20.981,47.207,-2.1458,53.167,13.351,81.778,-2.1863,20.877,12.313,0.066463,-0.30789,1.0553,0.042419,2.0311,1.1868,-2.2517,-1.1601,-1.4608,3.6079,-1.4229,2.0311,1.1868,-2.2517,-1.1601,-1.4608,3.6079,-1.4229,0,-19.333,-10.535,-0.45265,0.11596,-1.2113,-0.061981,-0.93637,-0.89001,-0.41539,-0.85784,-0.26337,0.0094623,-0.02992,0.96038,-2.1114,0.092515,3.2783e-07,1.1921e-07,-2.9802e-08
931.05,2.675,-21.025,-12.656,0.54304,0.46078,-1.0283,-0.032065,2.005,1.1556,-2.1962,-1.1533,-1.4037,3.6095,-1.4281,-1.3304,-1.5845,2.8181,0.33617,2.9073,0.095844,-0.17667,-25.034,-25.511,46.968,0.71526,50.783,11.921,88.453,-2.6919,20.773,12.495,-0.53297,-0.44857,1.0276,0.03212,2.0182,1.1713,-2.2241,-1.1567,-1.4325,3.6086,-1.4259,2.0182,1.1713,-2.2241,-1.1567,-1.4325,3.6086,-1.4259,0,-19.306,-10.593,-0.20258,0.19114,-1.1816,-0.055922,-1.0659,-0.88349,-0.39113,-0.92115,-0.27846,0.00035595,-0.03147,1.1416,-2.1256,0.021351,-3.7253e-09,2.9802e-08,1.7881e-07
931.06,3.0385,-21.172,-12.9,1.053,0.59237,-1.0052,-0.022568,1.9916,1.1397,-2.1677,-1.15,-1.3743,3.6105,-1.4294,-1.3533,-1.6069,2.8624,0.33283,2.959,0.1092,-0.083685,-22.888,-22.411,44.346,-3.3379,51.737,13.351,92.983,-2.9651,21.138,12.849,-0.94936,-0.56563,1.0101,0.024508,2.005,1.1556,-2.1962,-1.1533,-1.4037,3.6095,-1.4281,2.005,1.1556,-2.1962,-1.1533,-1.4037,3.6095,-1.4281,-2.6645e-15,-19.283,-10.636,0.054741,0.26905,-1.1511,-0.04935,-1.1419,-0.88342,-0.39384,-0.95018,-0.28175,-0.012183,-0.032435,1.2424,-2.1097,0.015181,4.3586e-07,2.3842e-07,-1.3411e-07
931.07,3.2811,-21.464,-13.162,1.5005,0.71813,-0.9856,-0.013418,1.9779,1.1235,-2.1389,-1.1466,-1.3444,3.6117,-1.4296,-1.3747,-1.6272,2.9059,0.33164,3.0081,0.12016,0.017405,-21.458,-20.266,43.392,-1.1921,49.114,10.967,101.09,-3.1025,21.663,13.234,-1.2942,-0.67492,0.99529,0.017503,1.9916,1.1397,-2.1677,-1.15,-1.3743,3.6105,-1.4294,1.9916,1.1397,-2.1677,-1.15,-1.3743,3.6105,-1.4294,3.5527e-15,-19.266,-10.664,0.31936,0.34946,-1.1197,-0.042258,-1.2323,-0.88381,-0.39642,-0.99175,-0.28878,-0.02382,-0.033769,1.3606,-2.1185,-0.010875,3.39e-07,2.6822e-07,-1.2666e-07
931.08,3.4933,-21.82,-13.421,1.9419,0.84583,-0.96389,-0.0037118,1.964,1.1072,-2.1096,-1.1433,-1.3141,3.6129,-1.4289,-1.3969,-1.6463,2.948,0.33283,3.0563,0.12922,0.12517,-22.173,-19.073,42.2,1.1921,48.161,9.0599,107.77,-3.3926,21.879,13.436,-1.7978,-0.81202,0.97037,0.0067484,1.9779,1.1235,-2.1389,-1.1466,-1.3444,3.6117,-1.4296,1.9779,1.1235,-2.1389,-1.1466,-1.3444,3.6117,-1.4296,0,-19.253,-10.677,0.59086,0.43204,-1.0876,-0.034649,-1.3467,-0.87148,-0.3875,-1.0465,-0.29942,-0.038059,-0.035365,1.5254,-2.1104,-0.06331,2.7753e-07,2.3842e-07,-1.6764e-07
931.09,3.6569,-22.332,-13.73,2.3658,0.9756,-0.94298,0.0062488,1.9499,1.0906,-2.0799,-1.14,-1.2833,3.6143,-1.427,-1.4193,-1.6623,2.9898,0.33522,3.1025,0.1359,0.24104,-22.411,-15.974,41.723,2.3842,46.253,6.6757,115.87,-3.8649,21.811,13.471,-2.4588,-0.97324,0.93505,-0.0074809,1.964,1.1072,-2.1096,-1.1433,-1.3141,3.6129,-1.4289,1.964,1.1072,-2.1096,-1.1433,-1.3141,3.6129,-1.4289,-8.8818e-16,-19.244,-10.674,0.86885,0.5164,-1.0548,-0.02653,-1.463,-0.84969,-0.37637,-1.0982,-0.30776,-0.057796,-0.036848,1.7108,-2.0559,-0.10588,3.3528e-07,2.9802e-07,-4.3213e-07
931.1,3.8109,-22.702,-13.915,2.8237,1.1108,-0.91763,0.017813,1.9356,1.0738,-2.0498,-1.1367,-1.252,3.6157,-1.4239,-1.4401,-1.6806,3.0291,0.33688,3.1478,0.14257,0.36216,-20.742,-18.358,39.339,1.6689,45.3,6.6757,121.12,-3.7441,22.678,13.903,-2.7111,-1.0816,0.92597,-0.015083,1.9499,1.0906,-2.0799,-1.14,-1.2833,3.6143,-1.427,1.9499,1.0906,-2.0799,-1.14,-1.2833,3.6143,-1.427,0,-19.241,-10.655,1.1528,0.60213,-1.0216,-0.017916,-1.5766,-0.84562,-0.38488,-1.1598,-0.31898,-0.072045,-0.038871,1.8629,-2.0867,-0.15768,1.2014e-07,2.0862e-07,-3.3434e-07
931.11,4.0748,-22.937,-14.001,3.3946,1.2652,-0.88934,0.032057,1.9211,1.0569,-2.0193,-1.1334,-1.2203,3.6172,-1.4197,-1.4584,-1.6992,3.0651,0.33021,3.1929,0.15307,0.48709,-18.358,-18.597,36.001,-6.6757,45.061,10.49,124.93,-4.2365,22.517,13.802,-3.4371,-1.2539,0.88699,-0.031968,1.9356,1.0738,-2.0498,-1.1367,-1.252,3.6157,-1.4239,1.9356,1.0738,-2.0498,-1.1367,-1.252,3.6157,-1.4239,8.8818e-16,-19.241,-10.62,1.4423,0.68879,-0.98794,-0.0088268,-1.6432,-0.81413,-0.38416,-1.1741,-0.31293,-0.097783,-0.039256,2.0015,-1.9467,-0.14417,8.8941e-08,2.0862e-07,-3.9721e-07
931.12,4.1401,-23.404,-14.159,3.8337,1.3996,-0.86157,0.044671,1.9065,1.0398,-1.9885,-1.1301,-1.1881,3.6188,-1.4141,-1.4784,-1.7159,3.103,0.33402,3.2356,0.15521,0.62251,-20.027,-16.689,37.909,3.8147,42.677,2.1458,135.42,-4.1019,23.187,14.052,-3.7449,-1.3702,0.87152,-0.042167,1.9211,1.0569,-2.0193,-1.1334,-1.2203,3.6172,-1.4197,1.9211,1.0569,-2.0193,-1.1334,-1.2203,3.6172,-1.4197,8.8818e-16,-19.246,-10.569,1.7369,0.77591,-0.95412,0.0007083,-1.7412,-0.7992,-0.39502,-1.2232,-0.31775,-0.11658,-0.040816,2.1502,-1.9276,-0.17914,3.1758e-07,5.0664e-07,-7.0967e-07
931.13,4.2681,-23.72,-14.2,4.3563,1.5461,-0.83417,0.059451,1.8916,1.0226,-1.9572,-1.1268,-1.1555,3.6204,-1.4071,-1.4947,-1.7335,3.1371,0.32926,3.2775,0.1626,0.76079,-16.212,-17.643,34.094,-4.7684,41.962,7.391,138.28,-4.1942,23.696,14.212,-4.2215,-1.5127,0.8424,-0.055922,1.9065,1.0398,-1.9885,-1.1301,-1.1881,3.6188,-1.4141,1.9065,1.0398,-1.9885,-1.1301,-1.1881,3.6188,-1.4141,-8.8818e-16,-19.254,-10.501,2.0358,0.86295,-0.92024,0.010651,-1.827,-0.76959,-0.40035,-1.2608,-0.31787,-0.13911,-0.04189,2.3025,-1.8524,-0.20478,3.3528e-08,2.0862e-07,-6.9663e-07
931.14,4.2722,-24.147,-14.255,4.8056,1.6801,-0.80466,0.073642,1.8766,1.0051,-1.9257,-1.1235,-1.1225,3.6221,-1.3987,-1.5116,-1.7493,3.1702,0.33021,3.3181,0.16308,0.90814,-16.928,-15.736,33.14,0.95367,40.531,0.47684,147.34,-4.2973,24.063,14.25,-4.7252,-1.6546,0.80787,-0.070916,1.8916,1.0226,-1.9572,-1.1268,-1.1555,3.6204,-1.4071,1.8916,1.0226,-1.9572,-1.1268,-1.1555,3.6204,-1.4071,-3.5527e-15,-19.265,-10.418,2.3387,0.94938,-0.88646,0.020954,-1.883,-0.7334,-0.40634,-1.2765,-0.31008,-0.16341,-0.042165,2.4283,-1.7285,-0.20314,1.4901e-07,3.5763e-07,-8.5682e-07
931.15,4.3068,-24.414,-14.185,5.2983,1.8153,-0.77541,0.0891,1.8614,0.98753,-1.8938,-1.1202,-1.0891,3.6237,-1.3888,-1.5254,-1.7664,3.1996,0.32592,3.3577,0.16737,1.0598,-13.828,-17.166,29.326,-4.2915,39.578,4.2915,151.63,-4.3605,24.169,14.091,-5.2335,-1.7882,0.77866,-0.086588,1.8766,1.0051,-1.9257,-1.1235,-1.1225,3.6221,-1.3987,1.8766,1.0051,-1.9257,-1.1235,-1.1225,3.6221,-1.3987,8.8818e-16,-19.279,-10.318,2.6449,1.0346,-0.85297,0.031561,-1.8842,-0.69632,-0.41555,-1.252,-0.28894,-0.18787,-0.041008,2.493,-1.5418,-0.14755,1.9372e-07,4.1723e-07,-8.7172e-07
931.16,4.2714,-24.889,-14.207,5.7638,1.9492,-0.74626,0.10447,1.846,0.9698,-1.8616,-1.117,-1.0553,3.6254,-1.3773,-1.5399,-1.781,3.2313,0.32401,3.3944,0.16689,1.2186,-14.543,-14.543,31.71,-1.9074,36.717,-0.47684,158.79,-4.2028,24.985,14.312,-5.6142,-1.9185,0.7503,-0.10047,1.8614,0.98753,-1.8938,-1.1202,-1.0891,3.6237,-1.3888,1.8614,0.98753,-1.8938,-1.1202,-1.0891,3.6237,-1.3888,0,-19.296,-10.202,2.9535,1.1181,-0.81992,0.0424,-1.9426,-0.65824,-0.42325,-1.2759,-0.2823,-0.21061,-0.04131,2.6222,-1.4394,-0.16155,1.8627e-07,4.7684e-07,-1.2517e-06
931.17,4.282,-25.171,-14.087,6.2432,2.0732,-0.70773,0.12035,1.8305,0.95192,-1.8292,-1.1137,-1.0212,3.627,-1.3642,-1.5562,-1.7977,3.2604,0.32592,3.4292,0.16236,1.3835,-16.212,-16.689,29.087,1.9074,34.809,-4.53,164.99,-4.1103,25.446,14.295,-6.0487,-2.044,0.71813,-0.11573,1.846,0.9698,-1.8616,-1.117,-1.0553,3.6254,-1.3773,1.846,0.9698,-1.8616,-1.117,-1.0553,3.6254,-1.3773,-4.4409e-15,-19.313,-10.071,3.2639,1.1991,-0.78748,0.053392,-1.993,-0.60827,-0.42544,-1.2959,-0.27414,-0.23455,-0.04133,2.7538,-1.3091,-0.1782,1.4901e-07,5.6624e-07,-1.5497e-06
931.18,4.029,-25.841,-14.151,6.6209,2.1932,-0.6843,0.13508,1.8149,0.9339,-1.7964,-1.1104,-0.98671,3.6286,-1.3494,-1.5674,-1.8079,3.2895,0.32449,3.463,0.15783,1.5542,-11.206,-10.252,29.087,-1.4305,33.855,-4.53,170.71,-4.0216,25.794,14.185,-6.497,-2.1639,0.68569,-0.13142,1.8305,0.95192,-1.8292,-1.1137,-1.0212,3.627,-1.3642,1.8305,0.95192,-1.8292,-1.1137,-1.0212,3.627,-1.3642,0,-19.332,-9.9246,3.5754,1.2772,-0.75581,0.064442,-1.9903,-0.55585,-0.4262,-1.2781,-0.25462,-0.25716,-0.039937,2.8261,-1.1217,-0.14844,1.8627e-07,6.8545e-07,-1.9818e-06
931.19,3.9508,-26.056,-13.939,7.0591,2.2981,-0.64647,0.15044,1.7991,0.91575,-1.7633,-1.1072,-0.95191,3.6301,-1.3329,-1.58,-1.8246,3.315,0.32496,3.494,0.14996,1.7292,-12.636,-16.689,25.511,0.47684,30.994,-7.8678,175,-3.9596,26.113,14.037,-6.9692,-2.2807,0.65119,-0.14748,1.8149,0.9339,-1.7964,-1.1104,-0.98671,3.6286,-1.3494,1.8149,0.9339,-1.7964,-1.1104,-0.98671,3.6286,-1.3494,8.8818e-16,-19.351,-9.7639,3.8871,1.3515,-0.72509,0.075447,-2.0271,-0.48805,-0.42018,-1.2953,-0.24566,-0.28121,-0.039578,2.9558,-0.96424,-0.17446,-1.4901e-08,5.6624e-07,-2.265e-06
931.2,3.7445,-26.652,-13.915,7.4494,2.4045,-0.60542,0.16543,1.7832,0.89746,-1.7301,-1.1038,-0.91681,3.6315,-1.3146,-1.5972,-1.8339,3.3433,0.33355,3.5231,0.13375,1.9097,-17.166,-9.2983,28.372,8.5831,29.087,-16.212,180.48,-3.7897,26.538,13.923,-7.3758,-2.3847,0.61426,-0.16253,1.7991,0.91575,-1.7633,-1.1072,-0.95191,3.6301,-1.3329,1.7991,0.91575,-1.7633,-1.1072,-0.95191,3.6301,-1.3329,-1.7764e-15,-19.369,-9.5892,4.198,1.4216,-0.69546,0.086287,-2.0369,-0.41662,-0.41211,-1.2973,-0.23269,-0.30294,-0.038587,3.052,-0.79166,-0.18771,-1.4901e-07,3.8743e-07,-2.5332e-06
931.21,3.7177,-26.818,-13.632,7.9324,2.501,-0.56747,0.18088,1.7672,0.87904,-1.6965,-1.1005,-0.88142,3.6328,-1.2945,-1.6077,-1.8489,3.3648,0.32878,3.5508,0.12898,2.0907,-10.49,-15.02,21.458,-4.7684,27.657,-4.7684,180.96,-3.6775,26.869,13.737,-7.8181,-2.4834,0.5757,-0.17772,1.7832,0.89746,-1.7301,-1.1038,-0.91681,3.6315,-1.3146,1.7832,0.89746,-1.7301,-1.1038,-0.91681,3.6315,-1.3146,-1.7764e-15,-19.386,-9.4011,4.5076,1.4867,-0.66704,0.096835,-1.942,-0.3504,-0.39747,-1.2218,-0.20009,-0.31877,-0.03492,3.0214,-0.52322,-0.10407,8.9407e-08,8.6427e-07,-3.1292e-06
931.22,3.4108,-27.225,-13.471,8.2616,2.5778,-0.53324,0.19389,1.7511,0.86051,-1.6627,-1.0972,-0.84576,3.634,-1.2726,-1.6172,-1.8604,3.3882,0.33116,3.577,0.11349,2.2762,-9.5367,-11.444,23.365,2.3842,26.226,-15.497,185.49,-3.3459,27.36,13.625,-8.1359,-2.5641,0.53925,-0.1909,1.7672,0.87904,-1.6965,-1.1005,-0.88142,3.6328,-1.2945,1.7672,0.87904,-1.6965,-1.1005,-0.88142,3.6328,-1.2945,0,-19.401,-9.2005,4.8148,1.5462,-0.63997,0.10695,-1.8771,-0.27458,-0.3785,-1.177,-0.17791,-0.33268,-0.032252,3.0223,-0.3064,-0.074079,1.3411e-07,9.2387e-07,-3.77e-06
931.23,3.0814,-27.716,-13.342,8.5731,2.6477,-0.49095,0.20625,1.7348,0.84186,-1.6287,-1.0938,-0.80986,3.635,-1.2488,-1.6317,-1.8687,3.4132,0.34213,3.6008,0.090838,2.4621,-14.543,-8.3446,25.034,10.967,23.842,-22.65,185.97,-3.15,27.632,13.376,-8.5168,-2.6361,0.49999,-0.20396,1.7511,0.86051,-1.6627,-1.0972,-0.84576,3.634,-1.2726,1.7511,0.86051,-1.6627,-1.0972,-0.84576,3.634,-1.2726,0,-19.412,-8.9881,5.1186,1.5996,-0.61435,0.11649,-1.8698,-0.17573,-0.35459,-1.1842,-0.17037,-0.35136,-0.031252,3.1089,-0.1245,-0.11637,-1.7881e-07,1.1027e-06,-4.2617e-06
931.24,2.9083,-27.728,-12.949,8.9231,2.6928,-0.45641,0.21699,1.7185,0.82309,-1.5945,-1.0904,-0.77373,3.6358,-1.2232,-1.6377,-1.8838,3.4297,0.33927,3.6218,0.079632,2.6472,-5.9605,-15.02,16.451,-2.861,20.981,-11.206,185.01,-2.8422,28.059,13.204,-8.8416,-2.6994,0.45821,-0.21578,1.7348,0.84186,-1.6287,-1.0938,-0.80986,3.635,-1.2488,1.7348,0.84186,-1.6287,-1.0938,-0.80986,3.635,-1.2488,2.6645e-15,-19.419,-8.7647,5.4183,1.6463,-0.59027,0.12529,-1.7492,-0.088245,-0.32052,-1.1086,-0.14567,-0.35937,-0.027692,3.044,0.13192,-0.06215,-8.9407e-08,1.3411e-06,-4.977e-06
931.25,2.5986,-28.174,-12.778,9.2476,2.7467,-0.41437,0.22755,1.702,0.80423,-1.56,-1.087,-0.7374,3.6365,-1.1957,-1.6506,-1.8914,3.454,0.34738,3.6418,0.058889,2.8315,-12.875,-7.6294,24.319,8.1062,20.027,-20.742,184.3,-2.5769,28.211,12.883,-9.147,-2.7387,0.42164,-0.22547,1.7185,0.82309,-1.5945,-1.0904,-0.77373,3.6358,-1.2232,1.7185,0.82309,-1.5945,-1.0904,-0.77373,3.6358,-1.2232,8.8818e-16,-19.422,-8.5312,5.7127,1.6857,-0.56779,0.13321,-1.636,0.0045854,-0.28303,-1.0451,-0.1267,-0.36583,-0.024656,2.985,0.36633,-0.02821,-1.4901e-07,1.6093e-06,-5.5432e-06
931.26,2.4507,-28.218,-12.385,9.5921,2.7713,-0.37166,0.23562,1.6854,0.78525,-1.5254,-1.0835,-0.70088,3.637,-1.1664,-1.6591,-1.9028,3.4699,0.34857,3.6604,0.041485,3.0124,-8.5831,-11.444,15.974,1.1921,18.597,-17.405,180.96,-2.4536,28.218,12.471,-9.5085,-2.7662,0.382,-0.23397,1.702,0.80423,-1.56,-1.087,-0.7374,3.6365,-1.1957,1.702,0.80423,-1.56,-1.087,-0.7374,3.6365,-1.1957,1.7764e-15,-19.419,-8.2885,6.0009,1.7174,-0.54698,0.14007,-1.5003,0.10822,-0.23484,-0.97247,-0.11031,-0.36931,-0.021661,2.8994,0.6165,0.0058009,-1.4901e-07,1.1921e-06,-5.8115e-06
931.27,2.1836,-28.44,-12.09,9.8841,2.7901,-0.32922,0.24212,1.6688,0.76619,-1.4906,-1.08,-0.66418,3.6373,-1.1353,-1.6701,-1.9112,3.4905,0.35596,3.6766,0.020504,3.1893,-10.967,-8.3446,20.504,7.391,16.212,-20.981,176.91,-2.2894,28.293,12.095,-9.8421,-2.7833,0.33958,-0.24072,1.6854,0.78525,-1.5254,-1.0835,-0.70088,3.637,-1.1664,1.6854,0.78525,-1.5254,-1.0835,-0.70088,3.637,-1.1664,-1.7764e-15,-19.41,-8.0374,6.282,1.7409,-0.52789,0.14574,-1.3523,0.21309,-0.1821,-0.89669,-0.097108,-0.3693,-0.018906,2.7907,0.85618,0.03839,-2.3842e-07,1.6689e-06,-6.5267e-06
931.28,1.9772,-28.442,-11.686,10.156,2.7841,-0.28965,0.24568,1.6521,0.74702,-1.4556,-1.0764,-0.62733,3.6374,-1.1024,-1.6778,-1.9212,3.5059,0.35977,3.6912,0.0021458,3.36,-7.6294,-10.014,15.497,3.8147,14.543,-18.358,170.71,-2.0224,28.448,11.769,-10.107,-2.787,0.29692,-0.24521,1.6688,0.76619,-1.4906,-1.08,-0.66418,3.6373,-1.1353,1.6688,0.76619,-1.4906,-1.08,-0.66418,3.6373,-1.1353,3.5527e-15,-19.393,-7.7791,6.555,1.7558,-0.51052,0.15005,-1.2117,0.32305,-0.12724,-0.83391,-0.090057,-0.36784,-0.016874,2.6852,1.0711,0.049434,-4.4703e-07,1.7881e-06,-7.1824e-06
931.29,1.7322,-28.556,-11.339,10.411,2.7722,-0.24509,0.24764,1.6352,0.72777,-1.4204,-1.0728,-0.59035,3.6373,-1.0679,-1.6882,-1.9276,3.5236,0.36883,3.7048,-0.021219,3.5234,-10.49,-6.4373,17.643,9.0599,13.59,-23.365,163.32,-1.8919,28.321,11.297,-10.372,-2.7626,0.25584,-0.24637,1.6521,0.74702,-1.4556,-1.0764,-0.62733,3.6374,-1.1024,1.6521,0.74702,-1.4556,-1.0764,-0.62733,3.6374,-1.1024,0,-19.368,-7.5145,6.8189,1.7619,-0.4949,0.15289,-1.0318,0.42824,-0.064181,-0.74588,-0.083271,-0.35963,-0.014712,2.516,1.2923,0.083626,-4.4703e-07,1.6987e-06,-7.5996e-06
931.3,1.563,-28.547,-10.929,10.672,2.7429,-0.20222,0.24696,1.6183,0.70844,-1.3851,-1.0691,-0.55323,3.637,-1.0318,-1.6975,-1.9345,3.5389,0.37551,3.7167,-0.040531,3.6769,-9.2983,-6.9141,15.259,6.6757,11.921,-19.312,153.54,-1.5694,28.578,11.027,-10.608,-2.7504,0.21062,-0.24731,1.6352,0.72777,-1.4204,-1.0728,-0.59035,3.6373,-1.0679,1.6352,0.72777,-1.4204,-1.0728,-0.59035,3.6373,-1.0679,3.5527e-15,-19.334,-7.2445,7.0728,1.759,-0.48104,0.15414,-0.86477,0.53671,-0.00093496,-0.67323,-0.082645,-0.35169,-0.013399,2.3598,1.493,0.10055,-7.1526e-07,1.8477e-06,-8.0764e-06
931.31,1.472,-28.247,-10.393,10.882,2.6797,-0.16653,0.24187,1.6013,0.68904,-1.3497,-1.0653,-0.51601,3.6365,-0.99428,-1.703,-1.9448,3.5493,0.37837,3.7279,-0.055313,3.8202,-5.4836,-10.252,10.49,2.861,11.206,-14.782,143.29,-1.4585,28.401,10.543,-10.861,-2.7025,0.17485,-0.24393,1.6183,0.70844,-1.3851,-1.0691,-0.55323,3.637,-1.0318,1.6183,0.70844,-1.3851,-1.0691,-0.55323,3.637,-1.0318,1.7764e-15,-19.29,-6.9701,7.3156,1.7468,-0.46893,0.15372,-0.64926,0.62514,0.068745,-0.56225,-0.080676,-0.33471,-0.011857,2.1174,1.6957,0.16307,-6.5565e-07,1.9669e-06,-7.9274e-06
931.32,1.3065,-28.181,-9.9738,11.096,2.6226,-0.12831,0.236,1.5842,0.66957,-1.3141,-1.0615,-0.47868,3.6359,-0.95535,-1.7102,-1.9493,3.5608,0.38505,3.7374,-0.071049,3.9508,-7.1526,-4.53,11.444,6.6757,9.5367,-15.736,130.65,-1.3014,28.324,10.117,-11.064,-2.6438,0.13015,-0.23819,1.6013,0.68904,-1.3497,-1.0653,-0.51601,3.6365,-0.99428,1.6013,0.68904,-1.3497,-1.0653,-0.51601,3.6365,-0.99428,-2.6645e-15,-19.236,-6.6923,7.5465,1.7254,-0.45857,0.15155,-0.45104,0.71885,0.13885,-0.47135,-0.086318,-0.31704,-0.011426,1.8863,1.8658,0.19169,-8.0466e-07,1.9669e-06,-8.1658e-06
931.33,1.2303,-27.967,-9.4904,11.283,2.5408,-0.084262,0.22648,1.5671,0.65004,-1.2784,-1.0576,-0.44125,3.6351,-0.91519,-1.7226,-1.9548,3.5775,0.39792,3.7468,-0.092983,4.0669,-12.398,-5.4836,16.689,12.875,9.2983,-21.934,116.11,-1.2811,27.924,9.545,-11.257,-2.5535,0.099062,-0.22814,1.5842,0.66957,-1.3141,-1.0615,-0.47868,3.6359,-0.95535,1.5842,0.66957,-1.3141,-1.0615,-0.47868,3.6359,-0.95535,1.7764e-15,-19.171,-6.4122,7.7647,1.6947,-0.44994,0.14762,-0.29589,0.80698,0.19732,-0.41537,-0.097042,-0.30086,-0.01189,1.6954,1.9721,0.17838,-1.1921e-06,1.8627e-06,-8.1658e-06
931.34,1.2205,-27.726,-8.988,11.498,2.4492,-0.046228,0.21465,1.5498,0.63046,-1.2426,-1.0536,-0.40373,3.6341,-0.87396,-1.7309,-1.9588,3.5875,0.40436,3.7553,-0.10514,4.1678,-8.3446,-4.0531,10.014,6.4373,8.5831,-12.159,100.85,-1.2417,27.719,9.0631,-11.455,-2.4647,0.05735,-0.21685,1.5671,0.65004,-1.2784,-1.0576,-0.44125,3.6351,-0.91519,1.5671,0.65004,-1.2784,-1.0576,-0.44125,3.6351,-0.91519,-8.8818e-16,-19.094,-6.1304,7.9691,1.655,-0.44306,0.14194,-0.058047,0.86129,0.27051,-0.28719,-0.10545,-0.27102,-0.012076,1.3632,2.1085,0.25129,-8.9407e-07,1.803e-06,-7.5698e-06
931.35,1.2201,-27.262,-8.4202,11.62,2.3281,-0.019905,0.19875,1.5325,0.61083,-1.2067,-1.0495,-0.36613,3.633,-0.8318,-1.735,-1.9653,3.5932,0.40865,3.7644,-0.11277,4.2524,-4.0531,-6.4373,5.7221,4.2915,9.0599,-7.6294,84.639,-1.1537,27.432,8.5766,-11.583,-2.359,0.024791,-0.2027,1.5498,0.63046,-1.2426,-1.0536,-0.40373,3.6341,-0.87396,1.5498,0.63046,-1.2426,-1.0536,-0.40373,3.6341,-0.87396,-1.7764e-15,-19.006,-5.8482,8.1592,1.6064,-0.43791,0.13454,0.13867,0.90399,0.33189,-0.18702,-0.11752,-0.24349,-0.013014,1.0707,2.1937,0.29827,-5.9605e-07,1.6391e-06,-7.0334e-06
931.36,1.2763,-26.724,-7.8291,11.726,2.1921,0.0036271,0.18027,1.5151,0.59117,-1.1708,-1.0454,-0.32843,3.6318,-0.78889,-1.7383,-1.972,3.5975,0.41175,3.7718,-0.11873,4.3197,-3.3379,-6.6757,4.2915,3.0994,7.391,-5.9605,67.234,-1.215,27.06,8.0332,-11.752,-2.2374,-0.008907,-0.18573,1.5325,0.61083,-1.2067,-1.0495,-0.36613,3.633,-0.8318,1.5325,0.61083,-1.2067,-1.0495,-0.36613,3.633,-0.8318,2.6645e-15,-18.904,-5.5664,8.3339,1.5494,-0.43452,0.12552,0.30942,0.93906,0.38651,-0.10555,-0.13268,-0.21591,-0.01454,0.79439,2.2374,0.3174,-8.6427e-07,1.5795e-06,-6.5863e-06
931.37,1.2271,-26.527,-7.3899,11.855,2.0729,0.036481,0.16235,1.4977,0.57148,-1.1347,-1.0412,-0.29066,3.6306,-0.74543,-1.7464,-1.9686,3.6027,0.42486,3.7818,-0.13018,4.3662,-8.1062,3.3379,5.2452,13.113,10.014,-11.444,46.492,-1.344,26.562,7.4438,-11.887,-2.0952,-0.037827,-0.16572,1.5151,0.59117,-1.1708,-1.0454,-0.32843,3.6318,-0.78889,1.5151,0.59117,-1.1708,-1.0454,-0.32843,3.6318,-0.78889,8.8818e-16,-18.791,-5.2856,8.4929,1.4842,-0.43285,0.115,0.4829,0.94272,0.43628,-0.0092628,-0.14731,-0.18343,-0.016212,0.48359,2.2505,0.3578,-8.0466e-07,1.5348e-06,-6.0201e-06
931.38,1.329,-25.932,-6.8014,11.912,1.915,0.053829,0.14,1.4802,0.55176,-1.0987,-1.0369,-0.2528,3.6293,-0.70159,-1.7507,-1.9731,3.6066,0.43035,3.7899,-0.13304,4.3938,-4.2915,-4.53,3.8147,5.4836,8.1062,-2.861,27.657,-1.3954,26.095,6.9024,-11.974,-1.9491,-0.056351,-0.14455,1.4977,0.57148,-1.1347,-1.0412,-0.29066,3.6306,-0.74543,1.4977,0.57148,-1.1347,-1.0412,-0.29066,3.6306,-0.74543,-2.6645e-15,-18.663,-5.0069,8.6354,1.4114,-0.43297,0.10315,0.60689,0.93767,0.47112,0.055006,-0.16162,-0.1563,-0.017973,0.2345,2.2234,0.37123,-7.4506e-07,1.207e-06,-5.0664e-06
931.39,1.3382,-25.439,-6.2868,11.94,1.7616,0.062163,0.1176,1.4627,0.53202,-1.0626,-1.0326,-0.21485,3.6279,-0.65759,-1.7455,-1.9731,3.5956,0.43178,3.799,-0.12994,4.4024,5.2452,0,-10.967,1.4305,9.0599,3.0994,8.5831,-1.4546,25.589,6.3632,-12.011,-1.7916,-0.072909,-0.12176,1.4802,0.55176,-1.0987,-1.0369,-0.2528,3.6293,-0.70159,1.4802,0.55176,-1.0987,-1.0369,-0.2528,3.6293,-0.70159,-3.5527e-15,-18.522,-4.7312,8.7609,1.3316,-0.43488,0.090141,0.75798,0.87862,0.50451,0.16512,-0.17396,-0.11814,-0.019781,-0.10263,2.1659,0.43925,-2.9802e-07,1.2144e-06,-3.8892e-06
931.4,1.6193,-24.809,-5.6629,12.017,1.582,0.082693,0.092079,1.4451,0.51228,-1.0266,-1.0282,-0.17681,3.6266,-0.61363,-1.7598,-1.9743,3.6061,0.4437,3.8083,-0.13351,4.3893,-14.305,-1.1921,10.49,11.921,9.2983,-3.5763,-13.113,-1.6632,25.017,5.7737,-12.086,-1.62,-0.091281,-0.097038,1.4627,0.53202,-1.0626,-1.0326,-0.21485,3.6279,-0.65759,1.4627,0.53202,-1.0626,-1.0326,-0.21485,3.6279,-0.65759,4.4409e-15,-18.368,-4.4589,8.8689,1.2455,-0.43859,0.076203,0.81771,0.83937,0.51516,0.19959,-0.18421,-0.092216,-0.021188,-0.30218,2.0513,0.41283,-2.6822e-07,8.7172e-07,-3.0249e-06
931.41,1.6454,-24.238,-5.1604,11.964,1.414,0.079173,0.068184,1.4275,0.49254,-0.9905,-1.0237,-0.13868,3.6253,-0.56991,-1.7564,-1.9736,3.598,0.44847,3.8171,-0.12612,4.3562,3.3379,0.71526,-8.1062,4.7684,8.8215,7.391,-33.14,-1.6996,24.377,5.2434,-12.019,-1.4466,-0.086482,-0.07263,1.4451,0.51228,-1.0266,-1.0282,-0.17681,3.6266,-0.61363,1.4451,0.51228,-1.0266,-1.0282,-0.17681,3.6266,-0.61363,8.8818e-16,-18.2,-4.191,8.9593,1.1537,-0.44414,0.061573,0.91628,0.7339,0.52703,0.30018,-0.19243,-0.056968,-0.022754,-0.59511,1.9404,0.49384,2.9802e-07,9.6858e-07,-1.803e-06
931.42,1.9857,-23.702,-4.5648,12.079,1.229,0.096062,0.041951,1.4098,0.47281,-0.95449,-1.0192,-0.10046,3.624,-0.52663,-1.7674,-1.9722,3.6023,0.45395,3.8261,-0.12636,4.3013,-10.967,1.4305,4.2915,5.4836,9.0599,-0.23842,-54.836,-1.9667,23.809,4.6639,-12.085,-1.2637,-0.096545,-0.046803,1.4275,0.49254,-0.9905,-1.0237,-0.13868,3.6253,-0.56991,1.4275,0.49254,-0.9905,-1.0237,-0.13868,3.6253,-0.56991,-4.4409e-16,-18.018,-3.9281,9.0317,1.0571,-0.45151,0.046498,0.92867,0.65307,0.51646,0.32675,-0.19574,-0.032135,-0.023399,-0.75771,1.7689,0.4668,2.3842e-07,6.2585e-07,-8.4937e-07
931.43,2.1424,-23.022,-4.0185,12,1.0424,0.085795,0.017063,1.3922,0.45309,-0.91853,-1.0147,-0.062141,3.6228,-0.484,-1.7648,-1.9705,3.5906,0.458,3.8361,-0.1173,4.2288,2.6226,1.6689,-11.682,4.0531,10.014,9.0599,-72.479,-2.0523,23.052,4.1266,-11.939,-1.0774,-0.078753,-0.022234,1.4098,0.47281,-0.95449,-1.0192,-0.10046,3.624,-0.52663,1.4098,0.47281,-0.95449,-1.0192,-0.10046,3.624,-0.52663,0,-17.823,-3.6706,9.0862,0.95644,-0.46076,0.031231,0.95902,0.5098,0.50173,0.40468,-0.19655,8.1553e-05,-0.024168,-0.98362,1.5834,0.52399,7.4506e-07,7.4506e-07,2.5332e-07
931.44,2.4897,-22.338,-3.4111,11.999,0.84301,0.080806,-0.0087142,1.3745,0.43338,-0.88271,-1.0101,-0.023729,3.6217,-0.4422,-1.7734,-1.9693,3.5906,0.46182,3.8443,-0.10872,4.1363,-8.5831,1.1921,0,3.8147,8.1062,8.5831,-92.506,-2.0521,22.318,3.65,-11.724,-0.89965,-0.05475,0.00036565,1.3922,0.45309,-0.91853,-1.0147,-0.062141,3.6228,-0.484,1.3922,0.45309,-0.91853,-1.0147,-0.062141,3.6228,-0.484,-8.8818e-16,-17.613,-3.4195,9.1225,0.85256,-0.47191,0.016026,0.91016,0.39337,0.46416,0.41679,-0.18913,0.018113,-0.023545,-1.0599,1.3706,0.51228,8.3447e-07,5.8487e-07,1.0189e-06
931.45,2.799,-21.609,-2.8204,11.933,0.64285,0.064724,-0.03315,1.3569,0.41371,-0.847,-1.0054,0.014763,3.6207,-0.40143,-1.7738,-1.9674,3.5787,0.46253,3.8533,-0.097513,4.0267,-0.47684,1.9074,-11.921,0.71526,9.0599,11.206,-109.67,-2.4106,21.602,3.0474,-11.7,-0.70088,-0.044233,0.025099,1.3745,0.43338,-0.88271,-1.0101,-0.023729,3.6217,-0.4422,1.3745,0.43338,-0.88271,-1.0101,-0.023729,3.6217,-0.4422,0,-17.39,-3.175,9.1411,0.74631,-0.48491,0.0011192,0.89018,0.22997,0.43103,0.47843,-0.18378,0.047381,-0.023642,-1.2272,1.1409,0.54459,1.1921e-06,7.241e-07,1.9576e-06
931.46,2.6732,-20.868,-2.4395,11.602,0.48194,0.024054,-0.051137,1.3394,0.39405,-0.81146,-1.0008,0.05335,3.6198,-0.36184,-1.7526,-1.9641,3.5484,0.46539,3.8602,-0.0875,3.8989,21.219,3.3379,-30.279,2.861,6.9141,10.014,-127.79,-2.6234,20.971,2.5387,-11.619,-0.51649,-0.023054,0.047067,1.3569,0.41371,-0.847,-1.0054,0.014763,3.6207,-0.40143,1.3569,0.41371,-0.847,-1.0054,0.014763,3.6207,-0.40143,-8.8818e-16,-17.153,-2.9377,9.142,0.6385,-0.49977,-0.013271,0.8385,0.092229,0.39207,0.50906,-0.176,0.066596,-0.023219,-1.3109,0.9312,0.55521,1.3113e-06,6.0536e-07,2.6002e-06
931.47,2.5356,-20.161,-2.0939,11.285,0.32963,-0.02696,-0.0671,1.3219,0.37441,-0.77609,-0.99622,0.092005,3.619,-0.32361,-1.7145,-1.9607,3.4964,0.458,3.8705,-0.068188,3.758,38.147,3.3379,-51.975,-7.391,10.252,19.312,-140.91,-2.8632,20.165,1.996,-11.44,-0.32558,0.0099789,0.067525,1.3394,0.39405,-0.81146,-1.0008,0.05335,3.6198,-0.36184,1.3394,0.39405,-0.81146,-1.0008,0.05335,3.6198,-0.36184,8.8818e-16,-16.902,-2.7079,9.1256,0.52997,-0.51647,-0.026947,0.79622,-0.11685,0.34591,0.59287,-0.16799,0.095982,-0.023489,-1.4638,0.67861,0.63585,1.7583e-06,9.276e-07,3.5539e-06
931.48,3.4028,-19.32,-1.2632,11.373,0.082947,-0.037894,-0.092262,1.3044,0.35482,-0.74092,-0.99163,0.13072,3.6184,-0.28686,-1.7469,-1.9591,3.5102,0.45848,3.8753,-0.057459,3.6046,-32.425,1.6689,13.828,0.47684,4.7684,10.729,-153.3,-3.227,19.53,1.4401,-11.384,-0.13425,0.035588,0.087424,1.3219,0.37441,-0.77609,-0.99622,0.092005,3.619,-0.32361,1.3219,0.37441,-0.77609,-0.99622,0.092005,3.619,-0.32361,-8.8818e-16,-16.639,-2.4861,9.0925,0.42152,-0.53492,-0.039741,0.69478,-0.25866,0.28661,0.60184,-0.15192,0.10953,-0.022161,-1.4602,0.4371,0.62367,1.8328e-06,9.6299e-07,3.9041e-06
931.49,3.6037,-18.96,-0.83883,11.338,-0.082636,-0.057374,-0.10864,1.2871,0.33526,-0.70602,-0.98706,0.1695,3.6179,-0.25172,-1.7531,-1.9505,3.5071,0.45943,3.8779,-0.050783,3.4387,-6.1989,8.5831,-3.0994,0.95367,2.6226,6.6757,-165.94,-3.3996,18.293,0.88932,-10.901,0.050587,0.10308,0.10157,1.3044,0.35482,-0.74092,-0.99163,0.13072,3.6184,-0.28686,1.3044,0.35482,-0.74092,-0.99163,0.13072,3.6184,-0.28686,0,-16.363,-2.2726,9.0431,0.31391,-0.55511,-0.051515,0.54039,-0.38,0.20433,0.57134,-0.12391,0.11156,-0.019276,-1.3224,0.18294,0.59398,1.6987e-06,8.8289e-07,3.621e-06
931.5,3.4404,-17.826,-0.49785,10.738,-0.21729,-0.14175,-0.11604,1.2699,0.31575,-0.67139,-0.98253,0.2083,3.6175,-0.21829,-1.704,-1.9529,3.4442,0.45085,3.8769,-0.030279,3.2609,49.114,-2.3842,-62.943,-8.5831,-0.95367,20.504,-177.86,-3.3316,17.954,0.62264,-10.733,0.17867,0.13442,0.11277,1.2871,0.33526,-0.70602,-0.98706,0.1695,3.6179,-0.25172,1.2871,0.33526,-0.70602,-0.98706,0.1695,3.6179,-0.25172,-6.6613e-16,-16.073,-2.0677,8.9781,0.20787,-0.57691,-0.062168,0.49014,-0.56417,0.16292,0.64943,-0.12093,0.13281,-0.020305,-1.423,-0.01988,0.6802,1.9223e-06,1.1995e-06,4.2319e-06
931.51,3.7004,-16.576,0.054368,10.254,-0.39321,-0.21427,-0.12565,1.2528,0.29624,-0.63695,-0.97806,0.24712,3.6173,-0.18664,-1.6842,-1.955,3.4084,0.4468,3.8855,-0.015497,3.0811,19.789,-2.1458,-35.763,-4.0531,8.5831,14.782,-179.77,-3.9805,17.7,-0.011191,-10.956,0.38821,0.14412,0.13168,1.2699,0.31575,-0.67139,-0.98253,0.2083,3.6175,-0.21829,1.2699,0.31575,-0.67139,-0.98253,0.2083,3.6175,-0.21829,-6.6613e-16,-15.772,-1.8712,8.8984,0.104,-0.60023,-0.071634,0.39599,-0.74409,0.10081,0.69921,-0.10851,0.15374,-0.020273,-1.4592,-0.28178,0.69832,2.0564e-06,1.1995e-06,4.7833e-06
931.52,4.0805,-16.536,0.51152,10.435,-0.55907,-0.22524,-0.13928,1.2359,0.27679,-0.60292,-0.9737,0.28594,3.6172,-0.15684,-1.6928,-1.9433,3.3979,0.43511,3.8772,-0.010014,2.8951,-8.5831,11.682,-10.49,-11.682,-8.3446,5.4836,-185.97,-4.3203,17.25,-0.50893,-10.931,0.56322,0.18165,0.14429,1.2528,0.29624,-0.63695,-0.97806,0.24712,3.6173,-0.18664,1.2528,0.29624,-0.63695,-0.97806,0.24712,3.6173,-0.18664,0,-15.459,-1.684,8.8049,0.0030152,-0.62495,-0.079864,0.28042,-0.88682,0.032064,0.71908,-0.09201,0.16403,-0.019572,-1.4013,-0.51619,0.70789,1.8105e-06,1.3113e-06,4.5598e-06
931.53,3.9572,-16.08,0.733,10.157,-0.66552,-0.28621,-0.14323,1.2192,0.25738,-0.56929,-0.96936,0.32474,3.6172,-0.12895,-1.6501,-1.9343,3.34,0.42629,3.8798,0.0090599,2.7022,42.677,9.0599,-57.936,-8.8215,2.6226,19.073,-192.88,-3.794,16.089,-0.58891,-10.092,0.62345,0.28455,0.14018,1.2359,0.27679,-0.60292,-0.9737,0.28594,3.6172,-0.15684,1.2359,0.27679,-0.60292,-0.9737,0.28594,3.6172,-0.15684,-2.2204e-16,-15.133,-1.506,8.6976,-0.094572,-0.65105,-0.086846,0.17054,-0.931,-0.022499,0.68915,-0.077093,0.15045,-0.018188,-1.2096,-0.61652,0.74311,1.9372e-06,1.3225e-06,4.0829e-06
931.54,4.3094,-15.285,1.2575,9.9138,-0.82625,-0.33914,-0.14945,1.2026,0.238,-0.5359,-0.96513,0.3635,3.6173,-0.10295,-1.6472,-1.9338,3.3216,0.4127,3.8736,0.014305,2.5156,2.861,0.47684,-18.358,-13.59,-6.1989,5.2452,-186.68,-4.2849,14.419,-1.2859,-9.4199,0.79273,0.37181,0.14236,1.2192,0.25738,-0.56929,-0.96936,0.32474,3.6172,-0.12895,1.2192,0.25738,-0.56929,-0.96936,0.32474,3.6172,-0.12895,6.6613e-16,-14.798,-1.3368,8.5785,-0.18834,-0.67824,-0.092608,0.022392,-1.0393,-0.1113,0.68003,-0.051316,0.14989,-0.016603,-1.0182,-0.84777,0.75685,1.885e-06,1.2629e-06,3.7849e-06
931.55,3.7438,-14.176,1.2346,9.0808,-0.84273,-0.44055,-0.14022,1.1865,0.21866,-0.50303,-0.961,0.4022,3.6175,-0.078862,-1.5566,-1.93,3.2256,0.41485,3.8691,0.028372,2.3158,90.599,3.8147,-96.083,2.1458,-4.53,14.067,-199.79,-4.8275,13.863,-1.8958,-9.3906,0.97581,0.4123,0.15066,1.2026,0.238,-0.5359,-0.96513,0.3635,3.6173,-0.10295,1.2026,0.238,-0.5359,-0.96513,0.3635,3.6173,-0.10295,6.6613e-16,-14.45,-1.1771,8.4478,-0.27778,-0.7065,-0.097174,-0.091173,-1.1941,-0.18855,0.72173,-0.037561,0.16417,-0.017027,-0.95652,-1.1057,0.78086,1.6093e-06,1.4156e-06,3.8445e-06
931.56,4.3999,-14.112,1.8791,9.2975,-1.0349,-0.45776,-0.14995,1.1704,0.19937,-0.47051,-0.957,0.44082,3.6178,-0.056641,-1.5874,-1.915,3.2244,0.40293,3.8576,0.028849,2.1381,-30.756,15.02,-1.1921,-11.921,-11.444,0.47684,-177.62,-4.5002,13.553,-1.9415,-9.0712,1.0251,0.47392,0.1475,1.1865,0.21866,-0.50303,-0.961,0.4022,3.6175,-0.078862,1.1865,0.21866,-0.50303,-0.961,0.4022,3.6175,-0.078862,-2.1094e-15,-14.094,-1.0267,8.3071,-0.3626,-0.73556,-0.10061,-0.15889,-1.2408,-0.22792,0.72513,-0.034683,0.15828,-0.01742,-0.84437,-1.1919,0.82755,1.7006e-06,1.4175e-06,3.5763e-06
931.57,4.3154,-12.74,2.137,8.5664,-1.0953,-0.55246,-0.14215,1.1549,0.18013,-0.43854,-0.95314,0.4793,3.6182,-0.036294,-1.5521,-1.9267,3.1929,0.38505,3.8366,0.035763,1.9534,35.286,-11.682,-31.471,-17.881,-20.981,6.9141,-184.78,-4.5089,12.649,-2.2375,-8.5786,1.1034,0.551,0.14279,1.1704,0.19937,-0.47051,-0.957,0.44082,3.6178,-0.056641,1.1704,0.19937,-0.47051,-0.957,0.44082,3.6178,-0.056641,9.992e-16,-13.727,-0.88579,8.1572,-0.4424,-0.76534,-0.10298,-0.24803,-1.2212,-0.27835,0.67713,-0.01973,0.14384,-0.016119,-0.61891,-1.2631,0.81132,1.5358e-06,1.1527e-06,2.8312e-06
931.58,4.8558,-12.21,2.7656,8.4684,-1.2564,-0.60079,-0.14418,1.1395,0.16091,-0.40697,-0.94933,0.51765,3.6185,-0.017732,-1.5502,-1.9171,3.1528,0.36979,3.8304,0.034809,1.7855,1.9074,9.5367,-40.054,-15.259,-6.1989,-0.95367,-167.85,-4.5779,11.104,-2.5955,-7.804,1.1733,0.64778,0.13404,1.1549,0.18013,-0.43854,-0.95314,0.4793,3.6182,-0.036294,1.1549,0.18013,-0.43854,-0.95314,0.4793,3.6182,-0.036294,-7.7716e-16,-13.351,-0.75394,7.9983,-0.51706,-0.79576,-0.10436,-0.31555,-1.1856,-0.31778,0.6344,-0.010277,0.12453,-0.015258,-0.39435,-1.2871,0.84188,1.6913e-06,1.0328e-06,2.2352e-06
931.59,4.4865,-11.245,2.771,7.78,-1.2512,-0.68474,-0.13226,1.1246,0.14178,-0.37595,-0.94564,0.55589,3.619,-0.00091577,-1.4784,-1.9093,3.0794,0.37575,3.8149,0.041246,1.6069,71.764,7.8678,-73.433,5.9605,-15.497,6.4373,-178.58,-4.4336,11.825,-2.6597,-8.0927,1.2479,0.65812,0.1367,1.1395,0.16091,-0.40697,-0.94933,0.51765,3.6185,-0.017732,1.1395,0.16091,-0.40697,-0.94933,0.51765,3.6185,-0.017732,-2.8866e-15,-12.966,-0.63164,7.8323,-0.5864,-0.82654,-0.10484,-0.35819,-1.2767,-0.35316,0.68106,-0.017175,0.13384,-0.017261,-0.39476,-1.4225,0.87773,1.5721e-06,1.1995e-06,2.3842e-06
931.6,4.6072,-10.783,3.0926,7.5907,-1.3426,-0.74363,-0.12928,1.1101,0.12268,-0.34548,-0.94206,0.59393,3.6194,0.014241,-1.4355,-1.9059,3.0186,0.34976,3.8045,0.047922,1.4482,42.915,3.3379,-60.797,-25.988,-10.49,6.6757,-158.79,-4.6091,11.549,-3.014,-8.0121,1.3561,0.70234,0.13592,1.1246,0.14178,-0.37595,-0.94564,0.55589,3.619,-0.00091577,1.1246,0.14178,-0.37595,-0.94564,0.55589,3.619,-0.00091577,-2.387e-15,-12.573,-0.51852,7.6596,-0.65024,-0.85766,-0.1045,-0.40695,-1.2805,-0.38901,0.67246,-0.015166,0.1279,-0.017612,-0.26944,-1.4897,0.88976,1.5199e-06,9.9838e-07,1.9968e-06
931.61,4.0909,-11.145,2.8798,7.6122,-1.3506,-0.76594,-0.1267,1.0962,0.10369,-0.31565,-0.93859,0.63175,3.6199,0.027806,-1.3666,-1.8919,2.9604,0.33045,3.7754,0.048876,1.2848,68.903,14.067,-58.174,-19.312,-29.087,0.95367,-163.32,-4.6345,10.515,-3.2924,-7.4376,1.3949,0.77635,0.12579,1.1101,0.12268,-0.34548,-0.94206,0.59393,3.6194,0.014241,1.1101,0.12268,-0.34548,-0.94206,0.59393,3.6194,0.014241,-7.2165e-16,-12.172,-0.4148,7.4817,-0.70854,-0.8889,-0.10344,-0.49893,-1.2731,-0.46202,0.64163,0.0027135,0.12205,-0.017003,-0.027246,-1.6239,0.86638,9.9093e-07,9.0525e-07,1.6987e-06
931.62,4.4331,-10.095,3.3986,7.1434,-1.4316,-0.83783,-0.1182,1.0826,0.084731,-0.28635,-0.93519,0.66933,3.6203,0.039909,-1.3411,-1.888,2.9049,0.31924,3.7534,0.041723,1.1525,25.511,3.8147,-55.551,-11.206,-21.934,-7.1526,-132.32,-4.2735,10.068,-3.2282,-7.0206,1.3732,0.82424,0.11576,1.0962,0.10369,-0.31565,-0.93859,0.63175,3.6199,0.027806,1.0962,0.10369,-0.31565,-0.93859,0.63175,3.6199,0.027806,-6.1062e-16,-11.764,-0.31991,7.2985,-0.76128,-0.9202,-0.10174,-0.46767,-1.206,-0.43783,0.62486,-0.01404,0.10314,-0.017666,0.019823,-1.5136,0.93112,1.4156e-06,1.0021e-06,1.4007e-06
931.63,3.9688,-9.049,3.2364,6.456,-1.3759,-0.91618,-0.10461,1.0696,0.065877,-0.25764,-0.93192,0.70671,3.6207,0.050621,-1.2577,-1.8861,2.8446,0.31638,3.7234,0.051737,1.0059,83.447,1.9074,-60.32,-2.861,-30.041,10.014,-146.63,-4.5954,8.9415,-3.7363,-6.557,1.4532,0.91021,0.10696,1.0826,0.084731,-0.28635,-0.93519,0.66933,3.6203,0.039909,1.0826,0.084731,-0.28635,-0.93519,0.66933,3.6203,0.039909,2.7756e-16,-11.35,-0.23408,7.1121,-0.80864,-0.95132,-0.099508,-0.5563,-1.2076,-0.519,0.60693,0.0021453,0.10068,-0.017659,0.26182,-1.6697,0.92091,1.0654e-06,8.1211e-07,9.8348e-07
931.64,4.3594,-7.2492,3.8147,5.5418,-1.387,-1.0099,-0.08676,1.0572,0.047075,-0.22959,-0.92871,0.74375,3.6212,0.059992,-1.2138,-1.8771,2.7628,0.33426,3.6871,0.036955,0.87929,43.869,9.0599,-81.778,17.881,-36.24,-14.782,-126.6,-3.8886,8.4394,-3.3332,-6.0879,1.3739,0.96181,0.096333,1.0696,0.065877,-0.25764,-0.93192,0.70671,3.6207,0.050621,1.0696,0.065877,-0.25764,-0.93192,0.70671,3.6207,0.050621,-2.7756e-17,-10.928,-0.15693,6.9219,-0.8505,-0.98242,-0.096791,-0.5232,-1.0742,-0.49518,0.54861,-0.0039518,0.076228,-0.016816,0.37655,-1.5205,0.93763,1.1176e-06,6.7055e-07,6.8545e-07
931.65,3.6212,-8.1135,3.3219,5.7874,-1.364,-1.0078,-0.087192,1.0455,0.028438,-0.20219,-0.92554,0.7805,3.6216,0.068115,-1.1389,-1.8489,2.7249,0.32806,3.6464,0.050306,0.75197,74.863,28.133,-37.909,-6.1989,-40.77,13.351,-127.32,-3.6704,8.2571,-3.3288,-5.9216,1.3825,0.99709,0.090586,1.0572,0.047075,-0.22959,-0.92871,0.74375,3.6212,0.059992,1.0572,0.047075,-0.22959,-0.92871,0.74375,3.6212,0.059992,4.1633e-16,-10.502,-0.088631,6.7299,-0.88711,-1.0132,-0.093689,-0.52765,-1.071,-0.50945,0.55788,-0.013642,0.071938,-0.017941,0.42646,-1.5452,0.9755,1.0356e-06,7.078e-07,5.3644e-07
931.66,4.0037,-6.8201,3.893,5.211,-1.408,-1.0853,-0.074723,1.0344,0.0098917,-0.17534,-0.92241,0.81684,3.6221,0.075104,-1.0972,-1.8499,2.6515,0.30923,3.6128,0.039101,0.65541,41.723,-0.95367,-73.433,-18.835,-33.617,-11.206,-96.559,-3.5838,7.4372,-3.4435,-5.4781,1.3789,1.0552,0.080851,1.0455,0.028438,-0.20219,-0.92554,0.7805,3.6216,0.068115,1.0455,0.028438,-0.20219,-0.92554,0.7805,3.6216,0.068115,-1.301e-15,-10.072,-0.028702,6.5357,-0.9185,-1.0437,-0.090261,-0.51202,-0.96831,-0.50518,0.51265,-0.015566,0.053664,-0.017289,0.54897,-1.4582,0.99264,1.1399e-06,6.4075e-07,4.1723e-07
931.67,3.5145,-6.5125,3.6062,4.938,-1.3591,-1.1142,-0.068231,1.0239,-0.0085204,-0.14898,-0.91934,0.85275,3.6225,0.081082,-1.0312,-1.8334,2.62,0.30923,3.572,0.041962,0.5548,66.042,16.451,-31.471,0,-40.77,2.861,-100.61,-3.5494,7.0829,-3.6036,-5.2652,1.3962,1.0928,0.073963,1.0344,0.0098917,-0.17534,-0.92241,0.81684,3.6221,0.075104,1.0344,0.0098917,-0.17534,-0.92241,0.81684,3.6221,0.075104,7.9797e-17,-9.6372,0.022901,6.3407,-0.94491,-1.0736,-0.086585,-0.52456,-0.93224,-0.53117,0.49998,-0.016549,0.048599,-0.017683,0.65808,-1.485,0.99718,9.9838e-07,5.5134e-07,2.3842e-07
931.68,3.3161,-6.0221,3.592,4.6583,-1.3439,-1.1579,-0.061012,1.0138,-0.026787,-0.12292,-0.91631,0.88818,3.6229,0.086061,-0.9892,-1.823,2.5909,0.29397,3.5217,0.048399,0.46301,41.962,10.49,-29.087,-15.259,-50.306,6.4373,-91.791,-3.1417,6.9572,-3.3736,-5.0875,1.3592,1.1142,0.068499,1.0239,-0.0085204,-0.14898,-0.91934,0.85275,3.6225,0.081082,1.0239,-0.0085204,-0.14898,-0.91934,0.85275,3.6225,0.081082,-5.5511e-17,-9.1999,0.06626,6.145,-0.96654,-1.1032,-0.082712,-0.5055,-0.89031,-0.52668,0.49142,-0.025904,0.040803,-0.018067,0.6911,-1.4494,1.018,1.0654e-06,6.5565e-07,2.0862e-07
931.69,3.1392,-5.396,3.5856,4.2782,-1.3061,-1.1982,-0.051981,1.0041,-0.044924,-0.097159,-0.91332,0.92312,3.6234,0.090221,-0.96822,-1.8046,2.5795,0.2954,3.464,0.049353,0.37718,20.981,18.358,-11.444,1.4305,-57.697,0.95367,-85.831,-3.5394,4.5022,-3.9823,-3.8995,1.315,1.2324,0.046053,1.0138,-0.026787,-0.12292,-0.91631,0.88818,3.6229,0.086061,1.0138,-0.026787,-0.12292,-0.91631,0.88818,3.6229,0.086061,-6.245e-16,-8.76,0.10147,5.9495,-0.9836,-1.1321,-0.078699,-0.53336,-0.72982,-0.57746,0.40671,-0.0040396,0.022241,-0.016445,1.0144,-1.4174,0.99846,8.6427e-07,6.5565e-07,2.9802e-08
931.7,2.9139,-4.9562,3.5165,4.0038,-1.2785,-1.2286,-0.045592,0.99456,-0.06288,-0.071477,-0.91037,0.95752,3.6239,0.093627,-0.94557,-1.7846,2.5713,0.29468,3.4175,0.050306,0.30875,22.65,20.027,-8.1062,-0.71526,-46.492,0.95367,-68.426,-3.0026,5.0658,-3.5834,-4.0884,1.2983,1.2248,0.04728,1.0041,-0.044924,-0.097159,-0.91332,0.92312,3.6234,0.090221,1.0041,-0.044924,-0.097159,-0.91332,0.92312,3.6234,0.090221,-4.8572e-16,-8.3191,0.12837,5.7548,-0.99637,-1.1604,-0.074604,-0.48413,-0.72245,-0.54094,0.42425,-0.026256,0.015688,-0.017309,0.91977,-1.348,1.0521,1.1027e-06,8.0466e-07,2.9802e-08
931.71,2.6192,-4.3285,3.3397,3.6349,-1.2177,-1.2577,-0.038319,0.9851,-0.08065,-0.045709,-0.90746,0.99135,3.6244,0.096377,-0.95725,-1.7669,2.599,0.29063,3.3538,0.048637,0.24486,-11.682,17.643,27.657,-4.0531,-63.658,-1.6689,-63.896,-2.9054,4.6769,-3.6573,-3.8273,1.2784,1.2497,0.040033,0.99456,-0.06288,-0.071477,-0.91037,0.95752,3.6239,0.093627,0.99456,-0.06288,-0.071477,-0.91037,0.95752,3.6239,0.093627,2.3592e-16,-7.8777,0.1468,5.5616,-1.0051,-1.1879,-0.07047,-0.48463,-0.65497,-0.56388,0.39777,-0.023416,0.012207,-0.017279,1.0325,-1.3479,1.026,7.8976e-07,5.5134e-07,-1.1921e-07
931.72,2.5651,-4.3,3.4621,3.5901,-1.2372,-1.2769,-0.034527,0.97562,-0.098224,-0.019909,-0.90464,1.0247,3.6248,0.098607,-0.95582,-1.7414,2.5849,0.28133,3.3081,0.044107,0.2017,1.4305,25.511,-14.067,-9.2983,-45.776,-4.53,-43.154,-2.6068,4.1437,-3.476,-3.5301,1.2285,1.275,0.034273,0.9851,-0.08065,-0.045709,-0.90746,0.99135,3.6244,0.096377,0.9851,-0.08065,-0.045709,-0.90746,0.99135,3.6244,0.096377,5.2736e-16,-7.4366,0.15671,5.3709,-1.0101,-1.2144,-0.066347,-0.44394,-0.61625,-0.53592,0.39552,-0.037894,0.00054537,-0.017413,1.0025,-1.265,1.0872,9.7603e-07,6.5565e-07,-1.7881e-07
931.73,2.3917,-3.7492,3.4202,3.3059,-1.2053,-1.3048,-0.02859,0.96596,-0.11562,0.0060699,-0.90187,1.0574,3.6252,0.10041,-0.96559,-1.7271,2.5921,0.26178,3.2513,0.036716,0.16761,-9.7752,14.305,7.1526,-19.55,-56.744,-7.391,-34.094,-2.3845,3.4956,-3.3601,-3.1629,1.1742,1.3096,0.027077,0.97562,-0.098224,-0.019909,-0.90464,1.0247,3.6248,0.098607,0.97562,-0.098224,-0.019909,-0.90464,1.0247,3.6248,0.098607,-5.5511e-16,-6.995,0.15793,5.1825,-1.0117,-1.2401,-0.062258,-0.40709,-0.54008,-0.51276,0.36978,-0.043923,-0.01295,-0.016812,1.0206,-1.1631,1.1224,9.5367e-07,5.9605e-07,-2.3842e-07
931.74,2.1305,-2.5737,3.2157,2.6897,-1.1014,-1.3448,-0.018793,0.95603,-0.1328,0.032291,-0.89917,1.0896,3.6256,0.1019,-1.0049,-1.7114,2.6321,0.26083,3.1884,0.033379,0.13661,-39.339,15.736,40.054,-0.95367,-62.943,-3.3379,-30.994,-2.2127,2.7649,-3.2997,-2.7783,1.1217,1.3373,0.019994,0.96596,-0.11562,0.0060699,-0.90187,1.0574,3.6252,0.10041,0.96596,-0.11562,0.0060699,-0.90187,1.0574,3.6252,0.10041,-5.5511e-17,-6.5541,0.15022,4.9978,-1.0102,-1.2648,-0.058247,-0.39328,-0.46869,-0.51968,0.34427,-0.043446,-0.018837,-0.016565,1.0934,-1.1251,1.1184,7.3016e-07,5.5134e-07,-2.6822e-07
931.75,1.9791,-2.2495,3.1697,2.4802,-1.0681,-1.3609,-0.013834,0.94586,-0.14975,0.058629,-0.89653,1.1212,3.6259,0.10316,-1.035,-1.6813,2.6431,0.26226,3.1374,0.026226,0.12064,-30.041,30.041,10.967,1.4305,-51.022,-7.1526,-15.974,-2.0709,1.8353,-3.2625,-2.277,1.0506,1.3729,0.011068,0.95603,-0.1328,0.032291,-0.89917,1.0896,3.6256,0.1019,0.95603,-0.1328,0.032291,-0.89917,1.0896,3.6256,0.1019,-3.0531e-16,-6.1139,0.13365,4.8169,-1.006,-1.2884,-0.05434,-0.36545,-0.36809,-0.5089,0.30359,-0.041517,-0.030523,-0.015638,1.1564,-1.0266,1.1275,8.1956e-07,7.1526e-07,-2.0862e-07
931.76,1.802,-1.3901,3.0666,2.0495,-1.0026,-1.3912,-0.0069191,0.9354,-0.16649,0.085082,-0.89398,1.1524,3.6261,0.10432,-1.0614,-1.6632,2.6517,0.25344,3.0892,0.017881,0.1111,-26.465,18.12,8.5831,-8.8215,-48.161,-8.3446,-9.5367,-1.8501,1.2241,-3.1016,-1.9702,0.99388,1.3961,0.005963,0.94586,-0.14975,0.058629,-0.89653,1.1212,3.6259,0.10316,0.94586,-0.14975,0.058629,-0.89653,1.1212,3.6259,0.10316,1.1102e-16,-5.6744,0.10822,4.6407,-0.99934,-1.3109,-0.050561,-0.34315,-0.30416,-0.50302,0.28298,-0.043648,-0.037413,-0.015317,1.187,-0.96783,1.1404,7.5996e-07,6.1095e-07,-2.6822e-07
931.77,1.5689,-0.78034,2.8609,1.759,-0.94329,-1.4037,-0.002963,0.92468,-0.183,0.11161,-0.89152,1.1829,3.6262,0.10543,-1.0853,-1.6425,2.6584,0.23961,3.0303,0.0045299,0.1111,-23.842,20.742,6.6757,-13.828,-58.889,-13.351,0,-1.6621,0.82129,-2.9754,-1.7611,0.95295,1.4085,0.0022192,0.9354,-0.16649,0.085082,-0.89398,1.1524,3.6261,0.10432,0.9354,-0.16649,0.085082,-0.89398,1.1524,3.6261,0.10432,2.7756e-17,-5.2356,0.074009,4.4695,-0.99064,-1.3321,-0.046934,-0.31729,-0.26672,-0.48869,0.2764,-0.050478,-0.043946,-0.015194,1.1705,-0.91451,1.1707,6.78e-07,6.4075e-07,-1.4901e-07
931.78,1.4151,-0.15058,2.7653,1.4468,-0.89113,-1.4269,0.0022134,0.91367,-0.19925,0.13817,-0.88914,1.213,3.6263,0.10659,-1.1137,-1.6181,2.6538,0.23317,2.9859,-0.0019073,0.11873,-28.372,24.319,-4.53,-6.4373,-44.346,-6.4373,7.6294,-1.4392,0.20324,-2.7721,-1.4667,0.89254,1.4209,-0.0016377,0.92468,-0.183,0.11161,-0.89152,1.1829,3.6262,0.10543,0.92468,-0.183,0.11161,-0.89152,1.1829,3.6262,0.10543,2.2898e-16,-4.798,0.03116,4.3038,-0.9802,-1.3522,-0.043471,-0.28786,-0.22149,-0.46703,0.26369,-0.055726,-0.051742,-0.014728,1.1435,-0.84122,1.1973,6.5565e-07,6.4075e-07,-2.3842e-07
931.79,1.2047,0.34874,2.5528,1.209,-0.83434,-1.4324,0.0051934,0.90241,-0.21526,0.16471,-0.88681,1.2425,3.6262,0.10784,-1.1294,-1.5893,2.6448,0.22888,2.9252,-0.012398,0.13256,-15.736,28.849,-9.0599,-4.2915,-60.797,-10.49,13.828,-1.2293,-0.35586,-2.5625,-1.2057,0.8342,1.431,-0.0049662,0.91367,-0.19925,0.13817,-0.88914,1.213,3.6263,0.10659,0.91367,-0.19925,0.13817,-0.88914,1.213,3.6263,0.10659,-6.9389e-17,-4.3614,-0.020122,4.1438,-0.96834,-1.3711,-0.040188,-0.26439,-0.17366,-0.45321,0.2494,-0.058901,-0.058199,-0.014321,1.1348,-0.77975,1.2176,6.4075e-07,5.9605e-07,-2.6822e-07
931.8,0.98684,1.18,2.2927,0.83936,-0.75692,-1.4479,0.0091194,0.89098,-0.23101,0.19112,-0.88457,1.2715,3.626,0.10926,-1.1523,-1.5647,2.6379,0.22459,2.8708,-0.01955,0.15044,-22.888,24.557,-6.9141,-4.2915,-54.359,-7.1526,17.881,-1.0476,-0.78403,-2.3862,-1.0205,0.79286,1.4411,-0.0073532,0.90241,-0.21526,0.16471,-0.88681,1.2425,3.6262,0.10784,0.90241,-0.21526,0.16471,-0.88681,1.2425,3.6262,0.10784,-3.0531e-16,-3.9262,-0.079415,3.99,-0.95538,-1.3887,-0.037096,-0.24636,-0.1307,-0.44684,0.23769,-0.061363,-0.062202,-0.014101,1.1347,-0.73666,1.2292,5.6624e-07,6.2585e-07,-2.3842e-07
931.81,0.79053,1.6349,2.0533,0.65678,-0.7091,-1.4493,0.010535,0.87942,-0.2465,0.21736,-0.88239,1.2999,3.6257,0.11089,-1.1628,-1.5347,2.6164,0.21863,2.8138,-0.029087,0.17357,-10.49,30.041,-21.458,-5.9605,-56.982,-9.5367,23.127,-0.84313,-1.4281,-2.1333,-0.74629,0.72908,1.447,-0.0099138,0.89098,-0.23101,0.19112,-0.88457,1.2715,3.626,0.10926,0.89098,-0.23101,0.19112,-0.88457,1.2715,3.626,0.10926,1.1102e-16,-3.4926,-0.14638,3.8423,-0.94159,-1.405,-0.034201,-0.21993,-0.096126,-0.4219,0.22751,-0.065783,-0.070184,-0.013489,1.0888,-0.66387,1.2622,4.9174e-07,6.2585e-07,-2.0862e-07
931.82,0.59457,2.062,1.7841,0.52038,-0.66894,-1.4509,0.010883,0.86775,-0.26171,0.24339,-0.88028,1.3277,3.6254,0.11277,-1.1678,-1.5066,2.5878,0.20575,2.7549,-0.035763,0.20027,-5.0068,28.133,-28.61,-12.875,-58.889,-6.6757,26.703,-0.629,-2.0904,-1.8356,-0.49249,0.6684,1.4535,-0.01144,0.87942,-0.2465,0.21736,-0.88239,1.2999,3.6257,0.11089,0.87942,-0.2465,0.21736,-0.88239,1.2999,3.6257,0.11089,-4.4409e-16,-3.0609,-0.22065,3.7013,-0.92727,-1.4201,-0.031511,-0.19755,-0.064897,-0.40135,0.21832,-0.069268,-0.076626,-0.012948,1.0476,-0.60229,1.2878,4.7684e-07,5.8115e-07,-2.0862e-07
931.83,0.3756,3.0119,1.4381,0.15541,-0.58885,-1.4594,0.012849,0.85607,-0.27663,0.2691,-0.87824,1.3549,3.625,0.11493,-1.1728,-1.4813,2.5611,0.20075,2.6932,-0.041723,0.22984,-5.0068,25.272,-26.703,-5.0068,-61.75,-5.9605,29.564,-0.4234,-2.6893,-1.515,-0.28499,0.61364,1.4539,-0.011888,0.86775,-0.26171,0.24339,-0.88028,1.3277,3.6254,0.11277,0.86775,-0.26171,0.24339,-0.88028,1.3277,3.6254,0.11277,-5.5511e-17,-2.6318,-0.30161,3.5669,-0.91268,-1.4339,-0.029026,-0.17738,-0.043683,-0.38172,0.21367,-0.073416,-0.082559,-0.012484,0.99924,-0.55056,1.3164,4.3213e-07,5.3644e-07,-2.0862e-07
931.84,0.17809,3.5617,1.0904,-0.0042588,-0.54223,-1.4562,0.012077,0.84436,-0.29126,0.29452,-0.87627,1.3815,3.6246,0.11741,-1.1713,-1.4496,2.5275,0.1955,2.6305,-0.045299,0.26155,1.4305,31.71,-33.617,-5.2452,-62.704,-3.5763,31.71,-0.23927,-3.464,-1.2343,0.0021796,0.55037,1.4601,-0.013412,0.85607,-0.27663,0.2691,-0.87824,1.3549,3.625,0.11493,0.85607,-0.27663,0.2691,-0.87824,1.3549,3.625,0.11493,0,-2.2056,-0.38892,3.4393,-0.89805,-1.4465,-0.02675,-0.15708,-0.015274,-0.35881,0.20372,-0.075793,-0.090192,-0.011775,0.95198,-0.48425,1.3491,3.6508e-07,5.6624e-07,-2.0862e-07
931.85,0.0091943,4.179,0.80149,-0.19541,-0.49592,-1.4576,0.012079,0.83271,-0.30559,0.31953,-0.87436,1.4074,3.6241,0.12021,-1.1594,-1.4191,2.48,0.18811,2.5656,-0.047684,0.29516,11.921,30.518,-47.445,-7.391,-64.85,-2.3842,33.617,-0.029212,-3.9458,-0.80024,0.082375,0.51401,1.4528,-0.010625,0.84436,-0.29126,0.29452,-0.87627,1.3815,3.6246,0.11741,0.84436,-0.29126,0.29452,-0.87627,1.3815,3.6246,0.11741,-4.4409e-16,-1.7829,-0.48187,3.3185,-0.88359,-1.4578,-0.024678,-0.13923,-0.026177,-0.33691,0.21368,-0.083105,-0.095378,-0.011468,0.87034,-0.45659,1.3867,3.1292e-07,5.5134e-07,-1.1921e-07
931.86,-0.18181,4.7606,0.38158,-0.31226,-0.45794,-1.4511,0.0094339,0.82117,-0.3196,0.34411,-0.87252,1.4327,3.6236,0.12334,-1.1518,-1.3871,2.4409,0.18048,2.4993,-0.047684,0.32973,7.6294,31.948,-39.101,-7.6294,-66.28,0,34.571,0.14036,-4.6508,-0.48684,0.30204,0.46431,1.4536,-0.010363,0.83271,-0.30559,0.31953,-0.87436,1.4074,3.6241,0.12021,0.83271,-0.30559,0.31953,-0.87436,1.4074,3.6241,0.12021,-1.1102e-16,-1.3643,-0.57988,3.2045,-0.86949,-1.4679,-0.022807,-0.12233,-0.015756,-0.3149,0.21117,-0.086321,-0.10198,-0.010839,0.80888,-0.40764,1.4192,2.8312e-07,5.5134e-07,-8.9407e-08
931.87,-0.33779,5.3808,0.062385,-0.47038,-0.42092,-1.4502,0.0081338,0.80976,-0.33329,0.36822,-0.87074,1.4573,3.6232,0.12683,-1.1313,-1.3542,2.3863,0.17476,2.4331,-0.046015,0.36454,20.504,32.902,-54.598,-5.7221,-66.28,1.6689,34.809,0.30612,-5.1959,-0.11427,0.4057,0.43273,1.4483,-0.0079325,0.82117,-0.3196,0.34411,-0.87252,1.4327,3.6236,0.12334,0.82117,-0.3196,0.34411,-0.87252,1.4327,3.6236,0.12334,1.1102e-16,-0.95043,-0.68237,3.0972,-0.8559,-1.4768,-0.021129,-0.10635,-0.031567,-0.29222,0.22136,-0.092557,-0.10746,-0.010396,0.72285,-0.38235,1.455,3.3155e-07,5.2154e-07,-1.4901e-07
931.88,-0.50023,6.0304,-0.34441,-0.5989,-0.3863,-1.4438,0.0052566,0.79851,-0.34665,0.39183,-0.86903,1.4813,3.6227,0.13067,-1.1153,-1.3206,2.337,0.16952,2.3634,-0.043869,0.39959,15.974,33.617,-49.353,-5.2452,-69.618,2.1458,35.047,0.47216,-5.8954,0.28718,0.56176,0.3936,1.4439,-0.005468,0.80976,-0.33329,0.36822,-0.87074,1.4573,3.6232,0.12683,0.80976,-0.33329,0.36822,-0.87074,1.4573,3.6232,0.12683,-1.1102e-16,-0.54187,-0.78875,2.9966,-0.84297,-1.4846,-0.019639,-0.093142,-0.032359,-0.27437,0.2242,-0.096106,-0.11305,-0.0098828,0.66068,-0.35098,1.4865,3.539e-07,4.7684e-07,-1.9372e-07
931.89,-0.64118,6.5349,-0.7644,-0.62927,-0.37084,-1.4354,0.0010135,0.78747,-0.35966,0.41492,-0.86739,1.5045,3.6223,0.13486,-1.096,-1.2858,2.2843,0.16046,2.2929,-0.038624,0.43464,19.312,34.809,-52.691,-9.0599,-70.572,5.2452,35.047,0.61197,-6.4041,0.67871,0.61163,0.37553,1.436,-0.0017661,0.79851,-0.34665,0.39183,-0.86903,1.4813,3.6227,0.13067,0.79851,-0.34665,0.39183,-0.86903,1.4813,3.6227,0.13067,-6.6613e-16,-0.13939,-0.89838,2.9027,-0.83081,-1.4912,-0.018327,-0.080599,-0.054544,-0.25747,0.23814,-0.10233,-0.11774,-0.0095525,0.58195,-0.34214,1.5218,3.3155e-07,4.4703e-07,-2.0862e-07
931.9,-0.77709,7.1919,-1.1494,-0.74119,-0.34637,-1.4302,-0.0022847,0.77665,-0.37233,0.43744,-0.86581,1.5271,3.6219,0.13939,-1.07,-1.2507,2.2249,0.15521,2.2214,-0.033617,0.46873,25.988,35.047,-59.366,-5.2452,-71.526,5.0068,34.094,0.74559,-6.955,1.1169,0.64511,0.36166,1.4276,0.0028402,0.78747,-0.35966,0.41492,-0.86739,1.5045,3.6223,0.13486,0.78747,-0.35966,0.41492,-0.86739,1.5045,3.6223,0.13486,-4.4409e-16,0.25638,-1.0106,2.8153,-0.81951,-1.4967,-0.017181,-0.068557,-0.084431,-0.24175,0.25595,-0.10918,-0.12197,-0.0092687,0.49935,-0.34343,1.5563,2.8312e-07,4.1723e-07,-1.4901e-07
931.91,-0.89177,7.7124,-1.5742,-0.75306,-0.33988,-1.4213,-0.0071908,0.76608,-0.38463,0.45937,-0.8643,1.5489,3.6216,0.14427,-1.0459,-1.2135,2.1675,0.14877,2.1496,-0.025511,0.50259,24.08,37.193,-57.459,-6.4373,-71.764,8.1062,33.855,0.86713,-7.5444,1.5409,0.69172,0.34938,1.4204,0.007373,0.77665,-0.37233,0.43744,-0.86581,1.5271,3.6219,0.13939,0.77665,-0.37233,0.43744,-0.86581,1.5271,3.6219,0.13939,0,0.64471,-1.1249,2.7342,-0.80913,-1.5013,-0.01619,-0.057321,-0.11166,-0.22795,0.27296,-0.11555,-0.12674,-0.0089626,0.42376,-0.34505,1.5943,1.5274e-07,4.0233e-07,-1.1921e-07
931.92,-0.99735,8.2813,-1.9204,-0.81328,-0.3305,-1.4162,-0.010868,0.75578,-0.39656,0.48069,-0.86285,1.57,3.6214,0.14947,-1.0116,-1.1766,2.099,0.14162,2.0757,-0.019074,0.53477,34.332,36.955,-68.426,-7.1526,-73.91,6.4373,32.187,0.97234,-8.1245,1.8847,0.76597,0.33667,1.4146,0.010845,0.76608,-0.38463,0.45937,-0.8643,1.5489,3.6216,0.14427,0.76608,-0.38463,0.45937,-0.8643,1.5489,3.6216,0.14427,2.2204e-16,1.025,-1.2405,2.6593,-0.79972,-1.5048,-0.01534,-0.04595,-0.13524,-0.21245,0.28642,-0.1204,-0.13149,-0.0085054,0.34836,-0.34035,1.6246,2.4959e-07,4.1723e-07,-1.4901e-07
931.93,-1.1034,8.9541,-2.3975,-0.85209,-0.32366,-1.4075,-0.016534,0.74577,-0.40812,0.50139,-0.86147,1.5903,3.6213,0.15501,-0.98872,-1.1394,2.0416,0.13733,2.0018,-0.0095367,0.56744,22.888,37.193,-57.459,-4.2915,-73.91,9.5367,32.663,1.0844,-8.8154,2.2444,0.87272,0.32197,1.4123,0.014407,0.75578,-0.39656,0.48069,-0.86285,1.57,3.6214,0.14947,0.75578,-0.39656,0.48069,-0.86285,1.57,3.6214,0.14947,0,1.3965,-1.3569,2.5902,-0.79129,-1.5075,-0.014618,-0.036711,-0.15021,-0.20287,0.2977,-0.12456,-0.13623,-0.0081391,0.29212,-0.33742,1.6583,1.6391e-07,2.9802e-07,-1.4901e-07
931.94,-1.1548,9.2242,-2.721,-0.74611,-0.3479,-1.4011,-0.021538,0.73608,-0.41928,0.52142,-0.86017,1.6099,3.6213,0.16085,-0.94914,-1.0986,1.9682,0.12565,1.9276,0.0016689,0.59867,39.578,40.77,-73.433,-11.682,-74.148,11.206,31.233,1.1585,-9.2669,2.6087,0.84323,0.33095,1.4074,0.019192,0.74577,-0.40812,0.50139,-0.86147,1.5903,3.6213,0.15501,0.74577,-0.40812,0.50139,-0.86147,1.5903,3.6213,0.15501,-2.2204e-16,1.7585,-1.4734,2.527,-0.78387,-1.5093,-0.014011,-0.02454,-0.19907,-0.19102,0.32729,-0.13368,-0.14167,-0.00791,0.2031,-0.36423,1.7092,9.6858e-08,4.4703e-07,-8.9407e-08
931.95,-1.2333,9.8759,-3.153,-0.77939,-0.34647,-1.3927,-0.026868,0.72673,-0.43005,0.54076,-0.85893,1.6288,3.6213,0.16701,-0.92268,-1.0593,1.9045,0.12326,1.8508,0.01049,0.62895,26.465,39.339,-63.658,-2.3842,-76.771,8.8215,30.279,1.2085,-9.7075,3.1357,0.71344,0.35528,1.3908,0.027193,0.73608,-0.41928,0.52142,-0.86017,1.6099,3.6213,0.16085,0.73608,-0.41928,0.52142,-0.86017,1.6099,3.6213,0.16085,1.3323e-15,2.1103,-1.5894,2.4692,-0.77742,-1.5104,-0.0135,-0.014138,-0.24322,-0.18929,0.3561,-0.14187,-0.1419,-0.0079793,0.13672,-0.41171,1.7263,2.3469e-07,3.5763e-07,-1.0431e-07
931.96,-1.2806,10.334,-3.5725,-0.69949,-0.36894,-1.385,-0.03308,0.71768,-0.44042,0.55944,-0.85776,1.6469,3.6215,0.17346,-0.88859,-1.0188,1.8365,0.1142,1.7736,0.02265,0.65827,34.094,40.531,-67.949,-9.0599,-77.248,12.159,29.326,1.2492,-10.129,3.5325,0.62865,0.378,1.3838,0.033043,0.72673,-0.43005,0.54076,-0.85893,1.6288,3.6213,0.16701,0.72673,-0.43005,0.54076,-0.85893,1.6288,3.6213,0.16701,1.1102e-15,2.4516,-1.7046,2.4167,-0.77194,-1.5107,-0.013075,-0.0032827,-0.28472,-0.18852,0.38562,-0.15055,-0.1443,-0.0080077,0.074787,-0.45644,1.7615,1.1362e-07,2.8312e-07,-1.1176e-07
931.97,-1.3263,10.782,-3.8786,-0.67769,-0.384,-1.3831,-0.037241,0.709,-0.45038,0.57739,-0.85666,1.6642,3.6218,0.1802,-0.84877,-0.97632,1.7598,0.10872,1.6964,0.034809,0.68641,39.816,42.439,-76.771,-5.4836,-77.248,12.159,28.133,1.2919,-10.631,3.9179,0.58525,0.3957,1.378,0.038484,0.71768,-0.44042,0.55944,-0.85776,1.6469,3.6215,0.17346,0.71768,-0.44042,0.55944,-0.85776,1.6469,3.6215,0.17346,0,2.7814,-1.8182,2.3691,-0.76738,-1.5104,-0.012719,0.010436,-0.3332,-0.17916,0.41588,-0.15905,-0.1493,-0.0077021,-0.0083664,-0.49062,1.8058,3.9115e-08,3.5763e-07,-8.9407e-08
931.98,-1.3384,11.123,-4.2311,-0.56013,-0.41623,-1.3766,-0.042813,0.70069,-0.45992,0.59461,-0.85564,1.6808,3.6222,0.18721,-0.81348,-0.93389,1.6849,0.099659,1.6217,0.044584,0.71359,35.286,42.438,-74.863,-9.0599,-74.625,9.7752,27.18,1.3304,-11.079,4.2389,0.54619,0.41576,1.3747,0.043099,0.709,-0.45038,0.57739,-0.85666,1.6642,3.6218,0.1802,0.709,-0.45038,0.57739,-0.85666,1.6642,3.6218,0.1802,4.4409e-16,3.0993,-1.9298,2.3264,-0.7637,-1.5095,-0.012417,0.019217,-0.35096,-0.18444,0.43407,-0.16431,-0.14971,-0.0077275,-0.038461,-0.52511,1.8213,1.1548e-07,2.2352e-07,-1.2666e-07
931.99,-1.3615,11.605,-4.6369,-0.47644,-0.44563,-1.3737,-0.048862,0.69272,-0.46903,0.61109,-0.85468,1.6965,3.6228,0.19451,-0.77701,-0.89121,1.6139,0.09203,1.5423,0.060558,0.74148,36.478,42.677,-71.049,-7.6294,-79.393,15.974,27.895,1.3588,-11.553,4.575,0.507,0.43605,1.3732,0.047782,0.70069,-0.45992,0.59461,-0.85564,1.6808,3.6222,0.18721,0.70069,-0.45992,0.59461,-0.85564,1.6808,3.6222,0.18721,6.6613e-16,3.4048,-2.0388,2.288,-0.76082,-1.5081,-0.012155,0.035245,-0.4085,-0.176,0.47171,-0.17482,-0.15665,-0.0074003,-0.12796,-0.56987,1.8853,5.5879e-08,2.8312e-07,-1.1176e-07
932,-1.4006,12.185,-4.9939,-0.47395,-0.46108,-1.3712,-0.0537,0.68514,-0.47771,0.62682,-0.85379,1.7115,3.6234,0.20206,-0.74053,-0.84925,1.5373,0.087023,1.4617,0.069857,0.76699,36.478,41.962,-76.532,-5.0068,-80.585,9.2983,25.511,1.3628,-11.96,4.9594,0.3921,0.47115,1.3672,0.053827,0.69272,-0.46903,0.61109,-0.85468,1.6965,3.6228,0.19451,0.69272,-0.46903,0.61109,-0.85468,1.6965,3.6228,0.19451,0,3.6972,-2.1448,2.2538,-0.7587,-1.5063,-0.01192,0.042572,-0.41472,-0.19185,0.48693,-0.1792,-0.15244,-0.0077396,-0.12767,-0.61854,1.8737,3.9115e-08,1.1921e-07,-1.4156e-07
932.01,-1.4005,12.531,-5.2973,-0.37004,-0.49566,-1.3719,-0.058315,0.67794,-0.48595,0.64176,-0.85298,1.7257,3.6242,0.20987,-0.69976,-0.80514,1.4563,0.077486,1.3831,0.08297,0.79274,40.77,44.107,-81.062,-9.5367,-78.678,13.113,25.749,1.3806,-12.372,5.2578,0.33336,0.49841,1.3662,0.058244,0.68514,-0.47771,0.62682,-0.85379,1.7115,3.6234,0.20206,0.68514,-0.47771,0.62682,-0.85379,1.7115,3.6234,0.20206,-1.3323e-15,3.976,-2.2474,2.2235,-0.75725,-1.5042,-0.011699,0.058508,-0.46477,-0.18942,0.52353,-0.18943,-0.15814,-0.0075177,-0.19986,-0.66952,1.9328,1.4994e-07,3.2783e-07,-7.8231e-08
932.02,-1.3753,12.856,-5.6417,-0.23718,-0.53373,-1.3643,-0.063835,0.67112,-0.49374,0.65592,-0.85223,1.7391,3.6251,0.21794,-0.66543,-0.75817,1.3812,0.073194,1.3022,0.091791,0.81849,34.332,46.968,-75.102,-4.2915,-80.824,8.8215,25.749,1.3865,-12.758,5.5244,0.27672,0.52373,1.3684,0.061894,0.67794,-0.48595,0.64176,-0.85298,1.7257,3.6242,0.20987,0.67794,-0.48595,0.64176,-0.85298,1.7257,3.6242,0.20987,-4.4409e-16,4.2409,-2.3461,2.1969,-0.75641,-1.5017,-0.011478,0.066349,-0.46643,-0.2032,0.53699,-0.1936,-0.15636,-0.0076992,-0.19947,-0.70703,1.9375,1.6857e-07,0,-1.7881e-07
932.03,-1.3771,13.191,-5.8984,-0.14949,-0.56782,-1.3697,-0.067545,0.6647,-0.50108,0.66927,-0.85157,1.7517,3.6261,0.22626,-0.61917,-0.71359,1.2944,0.061274,1.2209,0.10467,0.84329,46.253,44.584,-86.784,-11.921,-81.301,12.875,24.796,1.312,-13.028,5.9646,0.031675,0.58166,1.3587,0.069291,0.67112,-0.49374,0.65592,-0.85223,1.7391,3.6251,0.21794,0.67112,-0.49374,0.65592,-0.85223,1.7391,3.6251,0.21794,-4.4409e-16,4.4912,-2.4406,2.1737,-0.7561,-1.499,-0.011247,0.087363,-0.53935,-0.20585,0.58943,-0.20793,-0.1598,-0.0077212,-0.28099,-0.79852,1.9936,1.872e-07,2.8312e-07,-8.1956e-08
932.04,-1.3498,13.587,-6.2618,-0.028824,-0.60619,-1.3662,-0.073071,0.65867,-0.50796,0.68181,-0.85097,1.7634,3.6271,0.23483,-0.58508,-0.66733,1.2181,0.055551,1.1382,0.11539,0.86808,34.094,46.253,-76.294,-5.7221,-82.731,10.729,24.796,1.3464,-13.475,6.188,0.036538,0.60069,1.3665,0.072008,0.6647,-0.50108,0.66927,-0.85157,1.7517,3.6261,0.22626,0.6647,-0.50108,0.66927,-0.85157,1.7517,3.6261,0.22626,-2.6645e-15,4.7265,-2.5305,2.1536,-0.75624,-1.4962,-0.010995,0.095345,-0.53651,-0.21743,0.60005,-0.21136,-0.15931,-0.0077483,-0.28013,-0.82581,2.0045,1.532e-07,2.5332e-07,-8.3819e-08
932.05,-1.3222,13.866,-6.5139,0.077218,-0.64081,-1.3666,-0.076739,0.65304,-0.51437,0.69351,-0.85045,1.7744,3.6283,0.24364,-0.54598,-0.61965,1.1332,0.049353,1.056,0.12398,0.89216,39.101,47.684,-84.877,-6.1989,-82.254,8.5831,24.08,1.3408,-13.806,6.4277,-0.029657,0.62878,1.3669,0.075378,0.65867,-0.50796,0.68181,-0.85097,1.7634,3.6271,0.23483,0.65867,-0.50796,0.68181,-0.85097,1.7634,3.6271,0.23483,8.8818e-16,4.9465,-2.6154,2.1364,-0.75674,-1.4932,-0.010711,0.10534,-0.54455,-0.23129,0.61844,-0.21703,-0.15822,-0.0079061,-0.28387,-0.87102,2.019,1.5879e-07,8.9407e-08,-1.4715e-07
932.06,-1.3504,14.153,-6.6314,0.071744,-0.6563,-1.3732,-0.077864,0.64783,-0.52031,0.70436,-0.84999,1.7844,3.6296,0.2527,-0.49519,-0.5703,1.0388,0.044346,0.96917,0.13042,0.91529,50.783,49.353,-94.414,-5.0068,-86.784,6.4373,23.127,1.2858,-14.121,6.7749,-0.19278,0.67465,1.3644,0.080719,0.65304,-0.51437,0.69351,-0.85045,1.7744,3.6283,0.24364,0.65304,-0.51437,0.69351,-0.85045,1.7744,3.6283,0.24364,4.4409e-16,5.1507,-2.6949,2.1217,-0.75753,-1.4901,-0.010386,0.11881,-0.5689,-0.24753,0.64756,-0.22559,-0.15582,-0.0082201,-0.29587,-0.94223,2.033,1.6449e-07,1.3411e-07,-9.872e-08
932.07,-1.2975,14.545,-7.0173,0.22143,-0.70007,-1.3696,-0.083687,0.64303,-0.52577,0.71435,-0.84961,1.7937,3.6309,0.26199,-0.46396,-0.52428,0.96106,0.035763,0.88406,0.13852,0.94008,31.233,46.015,-77.725,-8.5831,-85.115,8.1062,24.796,1.2501,-14.294,6.9666,-0.31467,0.7117,1.3687,0.083379,0.64783,-0.52031,0.70436,-0.84999,1.7844,3.6296,0.2527,0.64783,-0.52031,0.70436,-0.84999,1.7844,3.6296,0.2527,-8.8818e-16,5.3389,-2.7689,2.1093,-0.75851,-1.4871,-0.010013,0.13068,-0.58456,-0.25939,0.67106,-0.23283,-0.15696,-0.008268,-0.30998,-0.99,2.0669,9.7818e-08,1.4901e-07,-1.2049e-07
932.08,-1.2586,14.728,-7.2173,0.34327,-0.73645,-1.3731,-0.086411,0.63865,-0.53074,0.72346,-0.84931,1.802,3.6324,0.27152,-0.42081,-0.47493,0.87094,0.025988,0.79703,0.14615,0.96369,43.154,49.353,-90.122,-9.7752,-87.023,7.6294,23.603,1.2921,-14.71,7.1399,-0.27755,0.72327,1.3751,0.085186,0.64303,-0.52577,0.71435,-0.84961,1.7937,3.6309,0.26199,0.64303,-0.52577,0.71435,-0.84961,1.7937,3.6309,0.26199,-4.4409e-16,5.5104,-2.8371,2.0993,-0.75966,-1.4841,-0.0095851,0.13892,-0.58471,-0.26707,0.68158,-0.23616,-0.15768,-0.0081134,-0.31548,-1.0113,2.0843,8.184e-08,1.6391e-07,-1.1642e-07
932.09,-1.1994,14.93,-7.4792,0.50001,-0.77986,-1.374,-0.090237,0.63467,-0.53523,0.7317,-0.84909,1.8095,3.6339,0.28128,-0.38123,-0.4251,0.78535,0.016451,0.70977,0.15426,0.98705,39.578,49.83,-85.592,-9.5367,-87.261,8.1062,23.365,1.2625,-15.108,7.4676,-0.37655,0.75858,1.3744,0.089873,0.63865,-0.53074,0.72346,-0.84931,1.802,3.6324,0.27152,0.63865,-0.53074,0.72346,-0.84931,1.802,3.6324,0.27152,-8.8818e-16,5.6651,-2.8992,2.0913,-0.76089,-1.4811,-0.0090974,0.1559,-0.62567,-0.27151,0.71679,-0.24594,-0.16123,-0.0078928,-0.36321,-1.0715,2.134,1.2619e-07,2.5332e-07,-8.7544e-08
932.1,-1.2041,15.224,-7.657,0.52655,-0.79978,-1.377,-0.092339,0.63114,-0.53921,0.73902,-0.84893,1.8161,3.6354,0.29128,-0.33665,-0.37456,0.69404,0.010967,0.61917,0.1576,1.0095,44.584,50.545,-91.314,-5.4836,-90.599,3.3378,22.411,1.2952,-15.376,7.5691,-0.35868,0.77032,1.3819,0.090595,0.63467,-0.53523,0.7317,-0.84909,1.8095,3.6339,0.28128,0.63467,-0.53523,0.7317,-0.84909,1.8095,3.6339,0.28128,-8.8818e-16,5.8027,-2.9548,2.0849,-0.7621,-1.4783,-0.0085418,0.16126,-0.6159,-0.2837,0.72258,-0.24831,-0.15981,-0.0078979,-0.34893,-1.092,2.1397,1.3877e-07,5.9605e-08,-1.6205e-07
932.11,-1.2339,15.602,-7.8265,0.50503,-0.81051,-1.3846,-0.093899,0.62802,-0.5427,0.74543,-0.84886,1.8218,3.637,0.30149,-0.2923,-0.32663,0.59819,0.0030994,0.52762,0.16069,1.0314,44.346,47.922,-95.844,-7.8678,-91.553,3.0994,21.934,1.2669,-15.7,7.839,-0.44055,0.79986,1.38,0.094364,0.63114,-0.53921,0.73902,-0.84893,1.8161,3.6354,0.29128,0.63114,-0.53921,0.73902,-0.84893,1.8161,3.6354,0.29128,-8.8818e-16,5.9229,-3.004,2.0802,-0.76327,-1.4756,-0.0079169,0.17237,-0.63303,-0.29455,0.74415,-0.25467,-0.1589,-0.0079075,-0.35904,-1.1417,2.1567,1.7323e-07,1.9372e-07,-8.9407e-08
932.12,-1.1587,15.633,-8.0002,0.6662,-0.84894,-1.3821,-0.096383,0.62535,-0.54566,0.75091,-0.84885,1.8266,3.6386,0.31192,-0.25201,-0.27204,0.50926,-0.0038147,0.43559,0.16332,1.0531,40.293,54.598,-88.93,-6.9141,-92.03,2.6226,21.696,1.2139,-15.731,7.9643,-0.57269,0.83355,1.3842,0.095801,0.62802,-0.5427,0.74543,-0.84886,1.8218,3.637,0.30149,0.62802,-0.5427,0.74543,-0.84886,1.8218,3.637,0.30149,1.7764e-15,6.0251,-3.0463,2.077,-0.76433,-1.4731,-0.0072182,0.17707,-0.62335,-0.3157,0.75418,-0.25893,-0.15473,-0.0082892,-0.32592,-1.1833,2.1578,2.3469e-07,2.9802e-08,-1.6019e-07
932.13,-1.2418,16.074,-8.124,0.5489,-0.84277,-1.3898,-0.09717,0.6231,-0.54812,0.75545,-0.84892,1.8304,3.6402,0.32256,-0.20409,-0.22197,0.41151,-0.007391,0.3407,0.16332,1.0736,47.922,50.068,-97.752,-3.5763,-94.891,0,20.504,1.1891,-15.924,8.135,-0.64205,0.85663,1.3872,0.097744,0.62535,-0.54566,0.75091,-0.84885,1.8266,3.6386,0.31192,0.62535,-0.54566,0.75091,-0.84885,1.8266,3.6386,0.31192,4.4409e-16,6.1094,-3.0817,2.0752,-0.76522,-1.4708,-0.0064452,0.18589,-0.63666,-0.32461,0.77194,-0.26431,-0.15464,-0.0082013,-0.33373,-1.2221,2.1781,9.2201e-08,1.4901e-07,-1.1921e-07
932.14,-1.1727,16.027,-8.236,0.70374,-0.87706,-1.392,-0.098434,0.6213,-0.55004,0.75905,-0.84907,1.8333,3.6419,0.33341,-0.15974,-0.16761,0.31543,-0.019312,0.24652,0.16546,1.0927,44.346,54.359,-96.083,-11.921,-94.175,2.1458,19.073,1.2156,-16.105,8.2057,-0.6264,0.86364,1.3931,0.097975,0.6231,-0.54812,0.75545,-0.84892,1.8304,3.6402,0.32256,0.6231,-0.54812,0.75545,-0.84892,1.8304,3.6402,0.32256,2.2205e-15,6.1751,-3.11,2.0747,-0.76595,-1.4687,-0.0055953,0.18713,-0.62259,-0.33605,0.77331,-0.26575,-0.15346,-0.0081888,-0.31132,-1.2328,2.186,1.22e-07,1.3411e-07,-1.2294e-07
932.15,-1.2456,16.449,-8.3778,0.59723,-0.86947,-1.3947,-0.09971,0.61995,-0.55144,0.76167,-0.84929,1.8352,3.6435,0.34444,-0.11444,-0.11659,0.21887,-0.023365,0.14663,0.16117,1.1118,45.3,51.022,-96.559,-4.0531,-99.897,-4.2915,19.073,1.2195,-16.323,8.3483,-0.6401,0.87496,1.3937,0.099524,0.6213,-0.55004,0.75905,-0.84907,1.8333,3.6419,0.33341,0.6213,-0.55004,0.75905,-0.84907,1.8333,3.6419,0.33341,-4.4409e-16,6.2226,-3.131,2.0752,-0.76641,-1.4669,-0.0046693,0.18815,-0.61118,-0.34884,0.775,-0.2671,-0.1499,-0.0082997,-0.28417,-1.252,2.1774,-4.3772e-08,7.4506e-08,-1.4529e-07
932.16,-1.2068,16.417,-8.4455,0.68784,-0.88953,-1.3969,-0.10016,0.61904,-0.5523,0.76333,-0.84959,1.8362,3.6451,0.35565,-0.069141,-0.060558,0.1204,-0.032663,0.048876,0.16117,1.1287,45.3,56.028,-98.467,-9.2983,-97.752,0,16.928,1.2479,-16.577,8.4761,-0.6214,0.88099,1.3981,0.10069,0.61995,-0.55144,0.76167,-0.84929,1.8352,3.6435,0.34444,0.61995,-0.55144,0.76167,-0.84929,1.8352,3.6435,0.34444,-4.4409e-16,6.251,-3.1447,2.0769,-0.76664,-1.4653,-0.0036674,0.19539,-0.63178,-0.34962,0.79232,-0.27201,-0.15329,-0.007871,-0.30953,-1.2759,2.2158,1.3038e-08,7.4506e-08,-1.5646e-07
932.17,-0.986,14.853,-7.7249,0.98788,-0.89244,-1.4069,-0.087082,0.61859,-0.55262,0.76399,-0.84996,1.8361,3.6467,0.36703,-0.025749,-0.0064373,0.023365,-0.0422,-0.048161,0.15926,1.1439,43.392,54.121,-97.036,-9.5367,-97.036,-1.9074,15.259,1.0561,-15.625,8.1563,-0.91233,0.90509,1.4014,0.094575,0.61904,-0.5523,0.76333,-0.84959,1.8362,3.6451,0.35565,0.61904,-0.5523,0.76333,-0.84959,1.8362,3.6451,0.35565,-1.7764e-15,6.2603,-3.1508,2.0797,-0.76659,-1.464,-0.0025912,0.18506,-0.58072,-0.37488,0.77472,-0.26958,-0.14572,-0.0085029,-0.22176,-1.2746,2.1859,2.4214e-08,1.9372e-07,-1.1176e-07
932.18,-0.62915,11.79,-6.1354,1.4057,-0.85892,-1.4278,-0.058759,0.61853,-0.55246,0.76379,-0.8504,1.8352,3.6483,0.37848,0.0088215,0.032663,-0.049829,-0.046253,-0.12612,0.15569,1.1442,34.571,39.101,-73.195,-4.0531,-77.963,-3.5763,0.23842,0.73638,-12.44,6.3972,-1.2501,0.85143,1.4261,0.063337,0.61859,-0.55262,0.76399,-0.84996,1.8361,3.6467,0.36703,0.61859,-0.55262,0.76399,-0.84996,1.8361,3.6467,0.36703,0,6.253,-3.1503,2.0834,-0.76629,-1.4629,-0.0014578,0.11825,-0.30794,-0.4261,0.62628,-0.23531,-0.12356,-0.010347,0.1165,-1.0682,2.0097,1.5553e-07,1.4901e-08,-1.9372e-07
932.19,-0.35205,9.5005,-4.9665,1.7338,-0.83553,-1.4419,-0.037623,0.61875,-0.55199,0.76301,-0.85087,1.8336,3.6498,0.38984,0.030518,0.057936,-0.096798,-0.048637,-0.17762,0.15044,1.1272,21.696,25.272,-46.968,-2.3842,-51.498,-5.2452,-16.928,0.42689,-9.9904,5.177,-1.6368,0.83414,1.4422,0.041283,0.61853,-0.55246,0.76379,-0.8504,1.8352,3.6483,0.37848,0.61853,-0.55246,0.76379,-0.8504,1.8352,3.6483,0.37848,1.3323e-15,6.2346,-3.1454,2.0876,-0.76581,-1.462,-0.00030163,0.071896,-0.1184,-0.46851,0.52704,-0.21308,-0.10682,-0.011894,0.36395,-0.94033,1.8887,1.2759e-07,-1.4901e-08,-1.8627e-07
932.2,-0.14737,7.7903,-4.1003,1.9907,-0.82064,-1.4545,-0.021609,0.61915,-0.55132,0.76186,-0.85139,1.8316,3.6513,0.40096,0.047922,0.072718,-0.12708,-0.053406,-0.21148,0.14591,1.0962,17.405,14.782,-30.279,-4.7684,-33.855,-4.53,-30.994,0.18314,-8.1233,4.2704,-1.9452,0.82357,1.453,0.024657,0.61875,-0.55199,0.76301,-0.85087,1.8336,3.6498,0.38984,0.61875,-0.55199,0.76301,-0.85087,1.8336,3.6498,0.38984,0,6.2094,-3.1378,2.0922,-0.76523,-1.4612,0.00084895,0.036749,0.023698,-0.49947,0.45125,-0.19576,-0.093739,-0.013053,0.55018,-0.84342,1.7909,8.7544e-08,-2.9802e-08,-1.5646e-07
932.21,-0.038921,6.7471,-3.5139,2.0959,-0.79761,-1.4648,-0.010222,0.61966,-0.55056,0.7605,-0.85191,1.8294,3.6527,0.4117,0.053883,0.07844,-0.1421,-0.051022,-0.22626,0.14067,1.0545,5.9605,5.722,-15.02,2.3842,-14.782,-5.2452,-41.723,0.086841,-7.0133,3.6115,-2.024,0.79251,1.4639,0.012066,0.61915,-0.55132,0.76186,-0.85139,1.8316,3.6513,0.40096,0.61915,-0.55132,0.76186,-0.85139,1.8316,3.6513,0.40096,2.6645e-15,6.1807,-3.1286,2.0966,-0.76454,-1.4605,0.0019728,0.013597,0.11189,-0.50681,0.39875,-0.18285,-0.090833,-0.013207,0.6431,-0.7513,1.7513,9.3132e-08,8.9407e-08,-1.3411e-07
932.22,0.07132,5.9326,-3.1292,2.2422,-0.79333,-1.4681,-0.0026403,0.62022,-0.54976,0.75906,-0.85243,1.8271,3.6541,0.42198,0.057459,0.07987,-0.14615,-0.052929,-0.23246,0.13232,1.0045,3.5763,1.4305,-4.0531,-1.9074,-6.1989,-8.3446,-50.068,-0.032132,-6.1384,3.1936,-2.1766,0.78737,1.4689,0.003836,0.61966,-0.55056,0.7605,-0.85191,1.8294,3.6527,0.4117,0.61966,-0.55056,0.7605,-0.85191,1.8294,3.6527,0.4117,4.4409e-16,6.1507,-3.1187,2.1011,-0.76384,-1.4599,0.0030525,-0.0055707,0.18778,-0.52244,0.35773,-0.1733,-0.084539,-0.013762,0.74175,-0.69663,1.7023,4.2841e-08,-1.4901e-08,-1.4156e-07
932.23,0.13094,5.3873,-2.841,2.3073,-0.78364,-1.4706,0.0032104,0.62079,-0.54896,0.75761,-0.85293,1.8248,3.6554,0.43171,0.057459,0.079393,-0.14424,-0.048876,-0.22864,0.12422,0.94652,0,-0.47684,1.9074,4.0531,3.8147,-8.1062,-57.936,-0.11299,-5.4778,2.8719,-2.2824,0.78272,1.4715,-0.0025343,0.62022,-0.54976,0.75906,-0.85243,1.8271,3.6541,0.42198,0.62022,-0.54976,0.75906,-0.85243,1.8271,3.6541,0.42198,0,6.1207,-3.1088,2.1053,-0.76313,-1.4592,0.0040777,-0.0208,0.24764,-0.53437,0.32506,-0.16558,-0.07976,-0.014179,0.81929,-0.65246,1.6641,6.5193e-08,-7.4506e-08,-1.5646e-07
932.24,0.17216,5.0522,-2.6676,2.3492,-0.77618,-1.4709,0.0070465,0.62136,-0.54819,0.75619,-0.85341,1.8226,3.6566,0.44085,0.053644,0.076055,-0.13757,-0.044584,-0.21982,0.11516,0.88572,-3.8147,-3.3378,6.6757,4.2915,8.8215,-9.0599,-60.797,-0.16475,-5.1001,2.6975,-2.3525,0.78028,1.4719,-0.0063663,0.62079,-0.54896,0.75761,-0.85293,1.8248,3.6554,0.43171,0.62079,-0.54896,0.75761,-0.85293,1.8248,3.6554,0.43171,4.4409e-16,6.0919,-3.0991,2.1093,-0.76244,-1.4587,0.0050402,-0.029834,0.28142,-0.53895,0.30504,-0.16051,-0.07752,-0.014295,0.86046,-0.62237,1.6418,5.9605e-08,0,-1.1176e-07
932.25,0.18709,4.8952,-2.5855,2.3749,-0.77381,-1.4738,0.0093553,0.6219,-0.54747,0.75485,-0.85386,1.8204,3.6577,0.44935,0.051737,0.06938,-0.1297,-0.044584,-0.20575,0.10776,0.82088,-1.9074,-6.6757,7.8678,0,14.067,-7.391,-64.85,-0.15987,-4.9543,2.5755,-2.3322,0.76818,1.4753,-0.0093679,0.62136,-0.54819,0.75619,-0.85341,1.8226,3.6566,0.44085,0.62136,-0.54819,0.75619,-0.85341,1.8226,3.6566,0.44085,8.8818e-16,6.0648,-3.0901,2.113,-0.76179,-1.4581,0.0059357,-0.033964,0.29369,-0.53495,0.29508,-0.15756,-0.079307,-0.014015,0.8653,-0.5959,1.6447,1.0431e-07,-4.4704e-08,-1.4901e-07
932.26,0.19071,4.7788,-2.5102,2.3737,-0.76807,-1.473,0.01127,0.6224,-0.54681,0.75361,-0.85428,1.8185,3.6587,0.45719,0.048399,0.064135,-0.12088,-0.040293,-0.18954,0.097275,0.75316,-3.3379,-5.2452,8.8215,4.2915,16.212,-10.49,-67.711,-0.20156,-4.8165,2.5607,-2.398,0.77414,1.4725,-0.010319,0.6219,-0.54747,0.75485,-0.85386,1.8204,3.6577,0.44935,0.6219,-0.54747,0.75485,-0.85386,1.8204,3.6577,0.44935,0,6.0398,-3.0816,2.1164,-0.76118,-1.4576,0.00676,-0.037698,0.30742,-0.53994,0.28848,-0.15603,-0.077638,-0.014139,0.88849,-0.59098,1.6349,6.7055e-08,-7.4506e-08,-1.4901e-07
